电芯编号,测试荷电状态_SOC_pct,稳态开路电压_U0_V,放电直流电阻_Rdc_dis_ohm,充电直流电阻_Rdc_chg_ohm,充放电不对称度_asym,撤载松弛电压_relax_V,持续极化电压_eta_V,倍率依赖电阻差_dRdc_ohm,真实健康状态_SOH_实测值
NMC2.1Ah|D3,50,3.8498,0.0056190476190476,0.0056190476190476,0.0,0.0204000000000004,-0.0155000000000002,-0.0001428571428572,0.912142857142857
NMC2.1Ah|D3,50,3.8612,0.0056190476190472,0.0056190476190476,-4.2327252813834093e-16,0.0194999999999998,-0.0145000000000004,0.0009047619047623,0.880904761904762
NMC2.1Ah|D3,50,3.8811,0.0053333333333331,0.0068571428571425,-0.0015238095238093,0.0192999999999998,-0.0146000000000001,-0.0001904761904761,0.857333333333333
NMC2.1Ah|D3,50,3.8836,0.0050476190476191,0.0059047619047621,-0.0008571428571429,0.0188999999999999,-0.0142999999999999,0.0008571428571427,0.831047619047619
NMC2.1Ah|D3,50,3.8916,0.0059047619047621,0.0052380952380952,0.0006666666666668,0.0198,-0.0144999999999999,0.0004285714285712,0.781952380952381
NMC2.1Ah|D3,50,3.9146,0.0070476190476186,0.0061904761904761,0.0008571428571425,0.0207999999999999,-0.0140000000000002,-0.0007142857142853,0.715047619047619
NMC2.1Ah|D4,50,3.8488,0.0053333333333331,0.0059047619047616,-0.0005714285714285,0.0191999999999996,-0.0142000000000002,2.1163626406917047e-16,0.911142857142857
NMC2.1Ah|D4,50,3.8609,0.0056190476190472,0.0056190476190476,-4.2327252813834093e-16,0.0194999999999998,-0.0142000000000002,0.000619047619048,0.87847619047619
NMC2.1Ah|D4,50,3.8829,0.0056190476190476,0.0049523809523808,0.0006666666666668,0.0188999999999999,-0.0138999999999995,-0.0004761904761904,0.855
NMC2.1Ah|D4,50,3.8854,0.0056190476190476,0.0061904761904765,-0.0005714285714289,0.0182999999999999,-0.0136000000000002,-0.0001904761904761,0.827809523809524
NMC2.1Ah|D4,50,3.8888,0.0053333333333331,0.0053333333333335,-4.2327252813834093e-16,0.0186000000000001,-0.0139,0.0005714285714287,0.798333333333333
NMC2.1Ah|D4,50,3.9019,0.0059047619047616,0.0064761904761901,-0.0005714285714285,0.0185999999999997,-0.0137,0.0002857142857144,0.767238095238095
NMC2.1Ah|E3,50,3.8557,0.0056190476190476,0.0059047619047616,-0.000285714285714,0.0182999999999999,-0.0134000000000003,-0.0004285714285714,0.894619047619048
NMC2.1Ah|E3,50,3.8764,0.0064761904761901,0.0047619047619046,0.0017142857142855,0.0182999999999999,-0.0123999999999999,-0.0005714285714282,0.870095238095238
NMC2.1Ah|E3,50,3.8823,0.0061904761904761,0.0050476190476187,0.0011428571428574,0.0182999999999999,-0.0123999999999999,-0.0010476190476189,0.841714285714286
NMC2.1Ah|E3,50,3.8895,0.0056190476190476,0.0053333333333331,0.0002857142857144,0.0186000000000001,-0.0137,-0.000142857142857,0.806142857142857
NMC2.1Ah|E3,50,3.9074,0.0067619047619046,0.0059047619047621,0.0008571428571425,0.0191999999999996,-0.0123999999999999,-0.0011904761904759,0.748857142857143
NMC2.1Ah|E4,50,3.8501,0.0056190476190476,0.0056190476190476,0.0,0.0195000000000002,-0.0148999999999999,0.0001428571428572,0.907238095238095
NMC2.1Ah|E4,50,3.865,0.0071428571428569,0.0059047619047621,0.0012380952380948,0.0188999999999999,-0.0127000000000001,-0.0015238095238093,0.872571428571429
NMC2.1Ah|E4,50,3.8864,0.0056190476190476,0.0046666666666663,0.0009523809523812,0.0192000000000001,-0.0142999999999999,-4.761904761893705e-05,0.847333333333333
NMC2.1Ah|E4,50,3.8904,0.0052380952380952,0.0056190476190476,-0.0003809523809523,0.0188999999999999,-0.0137,0.0006666666666665,0.820428571428571
NMC2.1Ah|E4,50,3.8988,0.0053333333333331,0.0052380952380952,9.523809523787324e-05,0.0185999999999997,-0.0137,0.0001428571428572,0.788666666666667
NMC2.1Ah|E4,50,3.9124,0.0059047619047621,0.0056190476190476,0.0002857142857144,0.0199000000000002,-0.0139999999999997,-0.0004285714285716,0.736857142857143
NMC2.1Ah|H3,50,3.8498,0.0056190476190476,0.0056190476190476,0.0,0.0198,-0.0148999999999999,0.0002857142857142,0.90452380952381
NMC2.1Ah|H3,50,3.8625,0.0053333333333335,0.0053333333333335,0.0,0.0195000000000002,-0.0151999999999996,0.0009999999999997,0.872952380952381
NMC2.1Ah|H3,50,3.8895,0.0061904761904761,0.0062857142857144,-9.523809523829652e-05,0.0194999999999998,-0.0139999999999997,-0.0008571428571427,0.820904761904762
NMC2.1Ah|H3,50,3.8975,0.0053333333333331,0.0049523809523808,0.0003809523809523,0.0198999999999998,-0.0152000000000001,0.0002380952380953,0.77947619047619
NMC2.1Ah|H3,50,3.9143,0.0052380952380952,0.0053333333333331,-9.523809523787324e-05,0.0200999999999997,-0.0158999999999998,0.0009523809523808,0.733619047619048
NMC2.1Ah|H4,50,3.8538,0.0056190476190476,0.0061904761904761,-0.0005714285714285,0.0192999999999998,-0.0148999999999999,-2.1163626406917047e-16,0.903428571428571
NMC2.1Ah|H4,50,3.8696,0.0059047619047621,0.0053333333333331,0.0005714285714289,0.0188999999999999,-0.0139,-0.0004285714285714,0.867047619047619
NMC2.1Ah|H4,50,3.8926,0.006761904761905,0.0053333333333335,0.0014285714285714,0.0189000000000003,-0.0130999999999996,-0.0013333333333336,0.836666666666667
NMC2.1Ah|H4,50,3.9034,0.0059047619047616,0.0056190476190476,0.000285714285714,0.0198999999999998,-0.0146000000000001,0.0001428571428572,0.781
NMC2.1Ah|H4,50,3.9378,0.0064761904761901,0.0064761904761906,-4.2240516640035253e-16,0.0210999999999996,-0.0155000000000002,0.0007619047619048,0.681761904761905
NMC2.1Ah|H4,50,3.9546,0.0074285714285714,0.0071428571428569,0.0002857142857144,0.0222999999999999,-0.0158,-0.0003809523809523,0.612380952380952
NMC2.1Ah|I3,50,3.8405,0.0070476190476191,0.0050476190476187,0.0020000000000004,0.0194999999999998,-0.0133999999999998,-0.0012857142857142,0.923
NMC2.1Ah|I3,50,3.8547,0.0053333333333335,0.0049523809523808,0.0003809523809527,0.0192000000000001,-0.0147999999999997,0.0008571428571425,0.888809523809524
NMC2.1Ah|I3,50,3.8795,0.0052380952380952,0.0064761904761901,-0.0012380952380948,0.0194999999999998,-0.0152000000000001,0.0002380952380951,0.860761904761905
NMC2.1Ah|I3,50,3.886,0.0061904761904761,0.0050476190476191,0.001142857142857,0.0194999999999998,-0.0144999999999999,-0.0008571428571427,0.830952380952381
NMC2.1Ah|I3,50,3.8944,0.0065714285714284,0.0049523809523808,0.0016190476190476,0.0199000000000002,-0.0142000000000002,-0.001142857142857,0.802666666666667
NMC2.1Ah|I3,50,3.905,0.0056190476190476,0.0050476190476191,0.0005714285714285,0.0201000000000002,-0.0154999999999998,-0.0006190476190476,0.767571428571429
NMC2.1Ah|I4,50,3.851,0.0056190476190476,0.0059047619047616,-0.000285714285714,0.0201999999999999,-0.0152000000000001,-0.0003333333333331,0.902142857142857
NMC2.1Ah|I4,50,3.8631,0.0056190476190476,0.0053333333333331,0.0002857142857144,0.0192999999999998,-0.0146000000000001,0.0001428571428572,0.870238095238095
NMC2.1Ah|I4,50,3.8885,0.0056190476190476,0.0056190476190476,0.0,0.0195000000000002,-0.0142000000000002,-0.0004285714285712,0.821190476190476
NMC2.1Ah|I4,50,3.8913,0.0059047619047621,0.0053333333333331,0.0005714285714289,0.0195000000000002,-0.0142000000000002,-0.0004285714285716,0.798809523809524
NMC2.1Ah|I4,50,3.9062,0.0056190476190476,0.0056190476190476,0.0,0.0199000000000002,-0.0146000000000001,-0.0003333333333334,0.752238095238095
NMC2.1Ah|J1,50,3.8492,0.0061904761904761,0.0065714285714284,-0.0003809523809523,0.0198,-0.0140000000000002,-0.000285714285714,0.914857142857143
NMC2.1Ah|J1,50,3.8631,0.0061904761904761,0.0059047619047621,0.000285714285714,0.0191999999999996,-0.0133,-0.0007142857142857,0.87847619047619
NMC2.1Ah|J1,50,3.8857,0.0059047619047616,0.0056190476190476,0.000285714285714,0.0188999999999999,-0.0133,-0.0001904761904759,0.854666666666667
NMC2.1Ah|J1,50,3.8919,0.0050476190476191,0.0056190476190476,-0.0005714285714285,0.0188999999999999,-0.0144999999999999,0.0002857142857142,0.820666666666667
NMC2.1Ah|J1,50,3.9109,0.0059047619047621,0.0059047619047616,4.2327252813834093e-16,0.0192000000000001,-0.0139999999999997,-0.0004761904761906,0.771285714285714
NMC2.1Ah|J1,50,3.9211,0.0064761904761901,0.0064761904761906,-4.2240516640035253e-16,0.0198999999999998,-0.0140000000000002,-0.0007142857142853,0.69952380952381
NMC2.1Ah|J2,50,3.8495,0.0064761904761901,0.0059047619047621,0.000571428571428,0.0217,-0.0152000000000001,-0.0005714285714282,0.912190476190476
NMC2.1Ah|J2,50,3.8671,0.0064761904761901,0.0056190476190476,0.0008571428571425,0.0213999999999998,-0.0155000000000002,-0.000428571428571,0.877047619047619
NMC2.1Ah|J2,50,3.8873,0.0061904761904761,0.0059047619047616,0.0002857142857144,0.0207999999999999,-0.0146000000000001,-0.0005714285714285,0.851238095238095
NMC2.1Ah|J2,50,3.8938,0.0059047619047616,0.0056190476190476,0.000285714285714,0.0204999999999997,-0.0155000000000002,-0.000428571428571,0.817333333333333
NMC2.1Ah|J2,50,3.9056,0.0061904761904761,0.0059047619047616,0.0002857142857144,0.0203999999999999,-0.0152000000000001,-0.0002857142857142,0.751190476190476
NMC2.1Ah|J2,50,3.9304,0.0065714285714284,0.0061904761904761,0.0003809523809523,0.0213999999999998,-0.0161000000000002,-0.0003809523809521,0.68747619047619
NMC2.1Ah|J3,50,3.8699,0.0055238095238093,0.0059047619047621,-0.0003809523809527,0.0194999999999998,-0.0148999999999999,9.523809523829652e-05,0.866380952380952
NMC2.1Ah|J3,50,3.8922,0.0053333333333335,0.0053333333333335,0.0,0.0195000000000002,-0.0147999999999997,0.000285714285714,0.837809523809524
NMC2.1Ah|J3,50,3.8969,0.0052380952380952,0.0056190476190476,-0.0003809523809523,0.0194999999999998,-0.0142999999999999,0.0003809523809523,0.800809523809524
NMC2.1Ah|J3,50,3.927,0.0070476190476186,0.0061904761904761,0.0008571428571425,0.0203999999999999,-0.0140000000000002,-0.0011428571428568,0.712285714285714
NMC2.1Ah|J3,50,3.9477,0.0074285714285714,0.0074285714285714,0.0,0.0220000000000002,-0.0151000000000003,-0.0008095238095238,0.619523809523809
NMC2.1Ah|J4,50,3.86,0.0071428571428569,0.0070476190476191,9.523809523787324e-05,0.0196,-0.0133,-0.0008095238095236,0.895666666666667
NMC2.1Ah|J4,50,3.8755,0.0067619047619046,0.0070476190476191,-0.0002857142857144,0.0188999999999999,-0.0130000000000003,-0.0009999999999999,0.857190476190476
NMC2.1Ah|J4,50,3.905,0.0056190476190476,0.0056190476190476,0.0,0.0188999999999999,-0.0139999999999997,0.0,0.78152380952381
NMC2.1Ah|J4,50,3.9319,0.0064761904761906,0.006285714285714,0.0001904761904765,0.0198,-0.0142000000000002,-0.0004285714285714,0.698761904761905
NMC2.1Ah|J4,50,3.94,0.0067619047619046,0.0062857142857144,0.0004761904761902,0.0207999999999999,-0.0146000000000001,-0.000142857142857,0.659809523809524
LMO10Ah|PIP15827A00220999,50,3.9683,0.011,0.0123799999999999,-0.0013799999999998,0.0788999999999999,-0.0224999999999999,-0.00168,0.60549
LMO10Ah|PIP15826A00208751,50,3.9542,0.0145,0.0169799999999999,-0.0024799999999999,0.0974000000000003,-0.0230000000000001,-0.00258,0.63985
LMO10Ah|PIP15829A00218444,50,3.9467,0.01316,0.0154799999999999,-0.0023199999999999,0.0886,-0.0210999999999996,-0.00226,0.6453599999999999
LMO10Ah|PIP15827A00205589,50,3.9086,0.0090599999999999,0.00968,-0.00062,0.0654999999999996,-0.0201999999999999,-0.0009099999999999,0.63319
LMO10Ah|PIP15829A00218550,50,3.9986,0.0167799999999999,0.02064,-0.00386,0.1146000000000002,-0.0268000000000001,-0.0035299999999999,0.55447
LMO10Ah|PIP15828A06100365,50,3.9351,0.0114199999999999,0.01282,-0.0014000000000001,0.0851999999999999,-0.0266999999999999,-0.0015799999999999,0.65591
LMO10Ah|PIP15829A00217239,50,3.9131,0.00982,0.01088,-0.00106,0.0695000000000001,-0.0201999999999999,-0.00116,0.65152
LMO10Ah|PIP15829A06101445,50,3.8712,0.0075199999999999,0.0078199999999999,-0.0003,0.0567000000000001,-0.0188000000000001,-0.0007099999999999,0.69576
LMO10Ah|PIP15826A00211185,50,3.9331,0.0128199999999999,0.01434,-0.00152,0.0851999999999999,-0.0205000000000001,-0.0020199999999999,0.6653800000000001
LMO10Ah|PIP15D01A03235252,50,3.8966,0.0088799999999999,0.0092,-0.00032,0.0701999999999998,-0.0255999999999998,-0.0009999999999999,0.69119
LMO10Ah|PIP15828A00225770,50,4.0082,0.01538,0.0182,-0.00282,0.1076000000000001,-0.0275000000000003,-0.003,0.56791
LMO10Ah|PIP15827A00205450,50,3.8824,0.0089599999999999,0.0093399999999999,-0.00038,0.0645999999999999,-0.0198,-0.00097,0.69997
LMO10Ah|PIP15829A00209415,50,3.9214,0.0103999999999999,0.0117599999999999,-0.00136,0.0740999999999996,-0.0223000000000004,-0.0013199999999999,0.67829
LMO10Ah|PIP15D01A03238995,50,3.9193,0.01244,0.01404,-0.0016,0.0819999999999998,-0.0199999999999995,-0.00192,0.67698
LMO10Ah|PIP15829A00210663,50,3.8873,0.00906,0.00992,-0.00086,0.0799000000000003,-0.0342000000000002,-0.00098,0.69477
LMO10Ah|PIP15829A00206931,50,3.8928,0.0093799999999999,0.01004,-0.00066,0.0665,-0.0194999999999998,-0.0011299999999999,0.6853
LMO10Ah|PIP15825A00103075,50,3.8959,0.01096,0.0116799999999999,-0.0007199999999999,0.0731000000000001,-0.0186000000000001,-0.00141,0.66769
LMO10Ah|PIP15D29A03204639,50,3.7943,0.00514,0.0049999999999999,0.00014,0.0491999999999999,-0.0229999999999996,-0.00038,0.79655
LMO10Ah|PIP15D26A03261343,50,3.8866,0.004,0.0040799999999999,-7.999999999999154e-05,0.0430000000000001,-0.0226000000000001,-0.0002,0.71776
LMO10Ah|PIP15825A50203005,50,3.8245,0.0095799999999999,0.0100399999999999,-0.0004599999999999,0.0663999999999997,-0.0184999999999999,-0.0010499999999999,0.76227
LMO10Ah|PIP15825A00103143,50,3.8499,0.0091199999999999,0.0093799999999999,-0.00026,0.0626999999999999,-0.0171999999999998,-0.0009599999999999,0.72993
LMO10Ah|PIP15827A00221240,50,3.9807,0.0167799999999999,0.0209199999999999,-0.0041399999999999,0.1072999999999999,-0.0207000000000001,-0.0035099999999999,0.6051300000000001
LMO10Ah|PIP15D19A03280145,50,3.8334,0.0042999999999999,0.0041199999999999,0.0001799999999999,0.0426999999999999,-0.0210000000000003,-0.0002799999999999,0.7556499999999999
LMO10Ah|PIP15D01A03241499,50,3.7939,0.0047,0.00456,0.00014,0.0445999999999999,-0.0208999999999996,-0.00039,0.80253
LMO10Ah|PIP15710A00246135,50,3.7832,0.00228,0.0021399999999999,0.00014,0.0339,-0.0222999999999999,-0.00014,0.80443
LMO10Ah|PIP15N21A50200177,50,3.6956,0.0024199999999999,0.0022199999999999,0.0001999999999999,0.036,-0.0235000000000003,-0.0002799999999999,0.87844
LMO10Ah|PIP15N21A03201737,50,3.7186,0.0021399999999999,0.0021399999999999,0.0,0.0352999999999998,-0.0242,-0.00019,0.8573600000000001
LMO10Ah|PIP15D22A03248005,50,3.693,0.0032999999999999,0.0031199999999999,0.00018,0.052,-0.0348000000000001,-0.0007299999999999,0.8853099999999999
LMO10Ah|PIP15D15A03236357,50,3.6997,0.00342,0.00326,0.0001599999999999,0.0529000000000001,-0.0352999999999998,-0.00073,0.88667
LMO10Ah|PIP15N21A50200566,50,3.7047,0.003,0.00302,-2.000000000004212e-05,0.0491999999999999,-0.0337999999999998,-0.00054,0.87259
LMO10Ah|PIP15D19A03261038,50,3.6947,0.00278,0.00264,0.0001399999999999,0.0434000000000001,-0.0289000000000001,-0.00047,0.8871399999999999
LMO10Ah|PIP15D25A03226076,50,3.6997,0.0024599999999999,0.0024799999999999,-2.000000000004256e-05,0.0423,-0.0295,-0.0002799999999999,0.87876
LMO10Ah|PIP15827A00221153,50,4.0397,0.0142799999999999,0.0169399999999999,-0.00266,0.1047000000000002,-0.0297,-0.0027699999999999,0.51908
LMO10Ah|PIP15N21A03207437,50,3.709,0.0026399999999999,0.0024799999999999,0.0001599999999999,0.0385999999999997,-0.0251000000000001,-0.0002899999999999,0.86738
LMO10Ah|PIP15D25A03219538,50,3.6868,0.0027,0.00274,-3.999999999999533e-05,0.0457999999999998,-0.0318999999999998,-0.00035,0.89075
LMO10Ah|PIP15N26A01201901,50,3.7014,0.0025,0.00234,0.0001599999999999,0.0369000000000001,-0.024,-0.00034,0.8744500000000001
LMO10Ah|PIP15N15A03208363,50,3.703,0.0046599999999999,0.0049799999999999,-0.0003199999999999,0.0689999999999999,-0.0447999999999999,-0.0010999999999999,0.85451
LMO10Ah|PIP15D01A03233061,50,3.7509,0.0033,0.0030799999999999,0.0002200000000001,0.0415,-0.0245999999999999,-0.00037,0.83956
LMO10Ah|PIP15D01A03245962,50,3.7957,0.00368,0.0036999999999999,-1.999999999995365e-05,0.0423,-0.0234,-0.00025,0.80747
LMO10Ah|PIP15D01A03250557,50,3.7063,0.0030599999999999,0.0029799999999999,7.99999999999911e-05,0.0489999999999999,-0.0333000000000001,-0.0004999999999999,0.86249
LMO10Ah|PIP15D01A03210683,50,3.6867,0.0029399999999999,0.00284,9.999999999994432e-05,0.0473999999999996,-0.0322,-0.0004499999999999,0.88702
LMO10Ah|PIP15D01A03229494,50,3.7327,0.0030999999999999,0.0030599999999999,3.999999999999577e-05,0.036,-0.0201999999999999,-0.0001199999999999,0.83622
LMO10Ah|PIP15D01A03243668,50,3.706,0.00294,0.00284,0.0001,0.0414000000000003,-0.0263999999999997,-0.00024,0.8721099999999999
LMO10Ah|PIP15828A00213703,50,3.9944,0.0118199999999999,0.0136799999999999,-0.0018599999999999,0.0823,-0.0216000000000002,-0.0018699999999999,0.59985
LMO10Ah|PIP15D01A03214955,50,3.6903,0.0038999999999999,0.0037199999999999,0.00018,0.0594000000000001,-0.0393000000000003,-0.0008399999999999,0.87822
LMO10Ah|PIP15N08A03228420,50,3.641,0.0046799999999999,0.00474,-6.0000000000125925e-05,0.0647999999999999,-0.0407000000000001,-0.0011099999999999,0.91801
LMO10Ah|PIP15N08A03232183,50,3.6868,0.00512,0.0051999999999999,-7.99999999999022e-05,0.0714000000000001,-0.0450999999999996,-0.00138,0.8817999999999999
LMO10Ah|PIP15D01A03218382,50,3.7028,0.0036,0.00352,7.99999999999911e-05,0.0575000000000001,-0.0389999999999997,-0.00075,0.8700699999999999
LMO10Ah|PIP15D01A03238599,50,3.6933,0.0034,0.00334,6.000000000003789e-05,0.0533000000000001,-0.0355999999999996,-0.00062,0.87985
LMO10Ah|PIP15D01A03224640,50,3.7012,0.0030199999999999,0.00298,3.9999999999906864e-05,0.0491999999999999,-0.0337,-0.0004899999999999,0.8743299999999999
LMO10Ah|PIP15D01A03221296,50,3.7012,0.0033999999999999,0.0033999999999999,0.0,0.0533999999999998,-0.0358,-0.00059,0.87194
LMO10Ah|PIP15D01A03217542,50,3.6997,0.0039799999999999,0.00392,5.999999999994898e-05,0.0609999999999999,-0.0403999999999999,-0.0008899999999999,0.87094
LMO10Ah|PIP15512A50200009,50,3.7353,0.0038999999999999,0.0038599999999999,3.999999999999577e-05,0.0608999999999997,-0.0409000000000001,-0.0008099999999999,0.8465199999999999
LMO10Ah|PIP15N15A03208341,50,3.6612,0.00578,0.0059599999999999,-0.0001799999999999,0.0793000000000003,-0.0497,-0.00174,0.90113
LMO10Ah|PIP15N22A03240032,50,4.0861,0.0103200000000001,0.0108399999999999,-0.0005199999999998,0.0743,-0.0206999999999997,-0.00135,0.5357700000000001
LMO10Ah|PIP15N15A03208989,50,3.6805,0.0059599999999999,0.0060999999999999,-0.00014,0.0815999999999999,-0.0510999999999999,-0.0018299999999999,0.87996
LMO10Ah|PIP15D25A03236724,50,3.6775,0.00274,0.0026199999999999,0.00012,0.0455,-0.0314,-0.00036,0.91108
LMO10Ah|PIP15N15A03208398,50,3.6765,0.00636,0.00654,-0.00018,0.0849999999999999,-0.0526999999999997,-0.00197,0.88591
LMO10Ah|PIP15502C00208544,50,3.6928,0.00628,0.0064599999999999,-0.0001799999999999,0.0854999999999996,-0.0533999999999998,-0.00182,0.8843500000000001
LMO10Ah|PIP15D01A03206727,50,3.6995,0.0037999999999999,0.00376,3.9999999999906864e-05,0.0581,-0.0386000000000001,-0.0007999999999999,0.87019
LMO10Ah|PIP15N15A03208683,50,3.6947,0.00674,0.0069399999999999,-0.0001999999999999,0.0878999999999998,-0.0535000000000001,-0.00216,0.8652200000000001
LMO10Ah|PIP15N14A03235525,50,3.6682,0.00652,0.00674,-0.0002199999999999,0.0862000000000002,-0.0529999999999999,-0.00204,0.89144
LMO10Ah|PIP15D25A03243702,50,3.6909,0.0037199999999999,0.0034199999999999,0.0003,0.0564,-0.0371000000000001,-0.0009599999999999,0.88907
LMO10Ah|PIP15N30A03228344,50,3.6884,0.0029799999999999,0.00282,0.0001599999999999,0.0452999999999996,-0.0297,-0.0005199999999999,0.8896000000000001
LMO10Ah|PIP15D19A03226854,50,3.6795,0.0034399999999999,0.0032599999999999,0.00018,0.052,-0.0343,-0.0007799999999999,0.89939
LMO10Ah|PIP15829A00218512,50,3.8531,0.00864,0.0093399999999999,-0.0006999999999999,0.0626999999999999,-0.0192999999999998,-0.0008599999999999,0.69177
LMO10Ah|PIP15D15A03236532,50,3.6893,0.00288,0.00266,0.00022,0.0445999999999999,-0.0296999999999996,-0.00052,0.8918200000000001
LMO10Ah|PIP15D25A03209658,50,3.6914,0.00296,0.0028,0.0001599999999999,0.0466999999999999,-0.0313999999999996,-0.00052,0.89053
LMO10Ah|PIP15N21A50200990,50,3.6831,0.00316,0.00296,0.0001999999999999,0.0472000000000001,-0.0310000000000001,-0.0005599999999999,0.89374
LMO10Ah|PIP15N15A03208672,50,3.6858,0.00542,0.00586,-0.0004399999999999,0.0780000000000002,-0.0501999999999998,-0.00163,0.87891
LMO10Ah|PIP15D15A03236823,50,3.6763,0.00316,0.0028999999999999,0.00026,0.0481000000000002,-0.0316,-0.00064,0.90417
LMO10Ah|PIP15N15A03208431,50,3.6672,0.0047399999999999,0.0048,-6.0000000000037454e-05,0.0686999999999997,-0.0442999999999997,-0.0012999999999999,0.90144
LMO10Ah|PIP15512A50200153,50,3.6933,0.0032599999999999,0.0032199999999999,3.999999999999533e-05,0.0537,-0.0369999999999999,-0.0005899999999999,0.8891899999999999
LMO10Ah|PIP15N15A03208383,50,3.7061,0.00496,0.00506,-9.999999999994476e-05,0.0718,-0.0463,-0.0014,0.8746
LMO10Ah|PIP15N15A03204208,50,3.6698,0.0046399999999999,0.0046999999999999,-6.0000000000037454e-05,0.0668999999999999,-0.0430000000000001,-0.0012499999999999,0.8954700000000001
LMO10Ah|PIP15D26A03252860,50,3.6638,0.0024199999999999,0.00238,3.9999999999906864e-05,0.0424999999999999,-0.0298000000000002,-0.0003499999999999,0.92377
LMO10Ah|PIP15829A00217327,50,3.9649,0.0158,0.0194399999999999,-0.0036399999999999,0.1013000000000001,-0.02,-0.00316,0.61491
LMO10Ah|PIP15D26A03256484,50,3.6575,0.0022799999999999,0.0021799999999999,9.999999999994476e-05,0.0384999999999999,-0.0267000000000003,-0.0003099999999999,0.93203
LMO10Ah|PIP15D28A03264309,50,3.6754,0.0025599999999999,0.0025,5.999999999994898e-05,0.0442,-0.0306999999999999,-0.0004499999999999,0.91394
LMO10Ah|PIP1622500C087737,50,3.664,0.0032,0.00312,7.99999999999911e-05,0.0475999999999996,-0.0308999999999999,-0.0006,0.91713
LMO10Ah|PIP15D25A03222735,50,3.6419,0.0032,0.0032,0.0,0.0531999999999999,-0.0365000000000002,-0.00062,0.94788
LMO10Ah|PIP15N08A03232188,50,3.6772,0.00478,0.0048799999999999,-9.999999999994476e-05,0.0692000000000003,-0.0445999999999999,-0.0013,0.89175
LMO10Ah|PIP15N14A03236503,50,3.684,0.00506,0.00516,-0.0001,0.072,-0.0461,-0.0014299999999999,0.87994
LMO10Ah|PIP15D23A03282874,50,3.6998,0.0025599999999999,0.0025199999999999,3.999999999999577e-05,0.0429999999999997,-0.0295,-0.0003799999999999,0.8851100000000001
LMO10Ah|PIP15D19A03271997,50,3.6981,0.0025199999999999,0.00246,5.999999999994898e-05,0.0423,-0.0292000000000003,-0.00038,0.88458
LMO10Ah|PIP15D01A03220958,50,3.6995,0.00316,0.00302,0.0001399999999999,0.0513000000000003,-0.0348000000000001,-0.00065,0.8749399999999999
LMO10Ah|PIP16N1700C039158,50,3.6842,0.0041,0.0040799999999999,2.000000000004169e-05,0.0623,-0.0411000000000001,-0.00104,0.91862
LMO10Ah|PIP15825A00238596,50,3.983,0.0157399999999999,0.0191,-0.00336,0.1077000000000003,-0.0258000000000002,-0.00308,0.58605
LMO10Ah|PIP15D25A03205744,50,3.6812,0.00242,0.00242,0.0,0.0410000000000003,-0.0283999999999999,-0.00031,0.9073
LMO10Ah|PIP15N08A03230424,50,3.7009,0.0048,0.0048799999999999,-7.999999999999154e-05,0.0676000000000001,-0.0428999999999999,-0.0012499999999999,0.87927
LMO10Ah|PIP15N12A03225967,50,3.651,0.0052399999999999,0.0053399999999999,-0.0001,0.0724999999999997,-0.0455999999999998,-0.0014999999999999,0.90827
LMO10Ah|PIP15N21A03210500,50,3.6673,0.0024999999999999,0.00238,0.0001199999999998,0.0375999999999998,-0.0245000000000001,-0.0002599999999999,0.90741
LMO10Ah|PIP15D25A03226871,50,3.6972,0.0025599999999999,0.00246,9.999999999994476e-05,0.0434000000000001,-0.0299,-0.0003499999999999,0.90497
LMO10Ah|PIP15D26A03200099,50,3.6984,0.0037199999999999,0.00362,9.999999999994476e-05,0.0626999999999999,-0.0432000000000001,-0.0007699999999999,0.89191
LMO10Ah|PIP15826A00208229,50,3.9674,0.0135999999999999,0.0158599999999999,-0.00226,0.0979999999999998,-0.0279000000000002,-0.0022899999999999,0.5745199999999999
NMC21Ah|02LCC02100101A8810119814,50,3.6788,0.0009047619047619,0.0008666666666666,3.809523809523389e-05,0.0258000000000002,-0.0154999999999998,-3.333333333334018e-05,1.003619047619048
NMC21Ah|02LCC02100101A87Y0175573,50,3.674,0.0009047619047619,0.0008857142857142,1.9047619047616888e-05,0.0268999999999999,-0.0164999999999997,-3.333333333334018e-05,1.008990476190476
NMC21Ah|02LCC02100101A8810124384,50,3.6777,0.0009238095238095,0.0009047619047618,1.904761904765928e-05,0.0261999999999997,-0.0158,-4.761904761906358e-05,1.005142857142857
NMC21Ah|02LCC02100101A87Y0187911,50,3.6809,0.0008857142857142,0.000895238095238,-9.523809523829586e-06,0.0261,-0.016,-1.904761904759585e-05,0.992709523809524
NMC21Ah|02LCC02100101A87Y0026421,50,3.6803,0.0009523809523809,0.0009333333333333,1.9047619047617e-05,0.0276999999999998,-0.0167999999999999,-2.38095238095106e-05,1.000938095238095
NMC21Ah|02LCC02100101A87Y0161743,50,3.6784,0.0009142857142856,0.0008857142857142,2.8571428571446586e-05,0.0276999999999998,-0.0173999999999998,-3.3333333333319145e-05,1.006814285714286
NMC21Ah|02LCC02100101A87Y0184358,50,3.6807,0.0009238095238095,0.0009047619047619,1.9047619047617e-05,0.0270999999999999,-0.0164999999999997,-2.857142857142544e-05,0.9973428571428572
NMC21Ah|02LCC02100101A87Y0185122,50,3.6784,0.0009238095238095,0.000895238095238,2.8571428571446586e-05,0.0274,-0.0169999999999999,-2.857142857142544e-05,1.002009523809524
NMC21Ah|02LCC02100101A87Y0010168,50,3.6782,0.0009428571428571,0.0009047619047618,3.809523809527628e-05,0.0279000000000002,-0.0173,-5.714285714285088e-05,1.003290476190476
NMC21Ah|02LCC02100101A87Y0027576,50,3.6805,0.0009238095238095,0.0008857142857142,3.809523809523389e-05,0.0268999999999999,-0.0162999999999997,-4.285714285714873e-05,0.9927904761904762
NMC21Ah|02LCC02100101A8BC0103482,50,3.7774,0.0012095238095237,0.0011809523809523,2.857142857140429e-05,0.0392000000000001,-0.0254000000000003,-6.190476190474459e-05,0.8151904761904761
NMC21Ah|02LCC02100101A87Y0086451,50,3.6777,0.0009333333333333,0.0009142857142856,1.9047619047616888e-05,0.0278999999999998,-0.0172000000000003,-3.3333333333297895e-05,0.9949
NMC21Ah|02LCC02100101A87Y0178524,50,3.6879,0.0009714285714285,0.0009333333333333,3.809523809523389e-05,0.0281000000000002,-0.0171999999999998,-4.2857142857169765e-05,0.9776619047619048
NMC21Ah|02LCC02100101A87Y0163103,50,3.6795,0.000895238095238,0.0008761904761904,1.9047619047617e-05,0.0264999999999999,-0.0163999999999999,-4.285714285712759e-05,0.9957333333333332
NMC21Ah|02LCC02100101A87Y0073559,50,3.6826,0.0009238095238095,0.0009047619047619,1.9047619047617e-05,0.0264999999999999,-0.0160999999999997,-3.809523809525503e-05,0.996204761904762
NMC21Ah|02LCC02100101A87Y0017692,50,3.6786,0.0009047619047619,0.0008857142857142,1.9047619047616888e-05,0.0264000000000002,-0.016,-3.809523809523389e-05,0.9986619047619048
NMC21Ah|02LCC02100101A87Y0151531,50,3.6775,0.0008857142857142,0.0008857142857142,0.0,0.0270000000000001,-0.0170000000000003,-2.380952380953173e-05,0.998009523809524
NMC21Ah|02LCC02100101A87Y0164869,50,3.6779,0.0008857142857142,0.000847619047619,3.80952380951916e-05,0.0271999999999996,-0.0172000000000003,-4.285714285710645e-05,1.000242857142857
NMC21Ah|02LCC02100101A87Y0015732,50,3.6819,0.0009047619047619,0.0008857142857142,1.9047619047616888e-05,0.0278999999999998,-0.0175,-1.9047619047616888e-05,0.9892428571428572
NMC21Ah|02LCC02100101A87Y0004534,50,3.6779,0.0009047619047619,0.0008666666666666,3.809523809527617e-05,0.0261999999999997,-0.016,-4.761904761906347e-05,1.001795238095238
NMC21Ah|02LCC02100101A87Y0074479,50,3.6814,0.0009047619047619,0.0009047619047619,0.0,0.0274,-0.0169999999999999,-2.380952380953173e-05,0.9858666666666668
NMC21Ah|02LCC02100101A8BC0104122,50,3.8482,0.0012857142857142,0.0012571428571428,2.857142857140429e-05,0.0391000000000003,-0.0245999999999999,-2.38095238095106e-05,0.7464952380952381
NMC21Ah|02LCC02100101A87Y0165035,50,3.6791,0.0009047619047619,0.0009047619047618,4.2283884726934667e-17,0.0269000000000003,-0.0165000000000001,-1.904761904763803e-05,0.9958666666666668
NMC21Ah|02LCC02100101A87Y0151614,50,3.6761,0.0009047619047619,0.0009047619047619,0.0,0.0277000000000002,-0.0175,-1.9047619047616888e-05,1.006371428571429
NMC21Ah|02LCC02100101A87Y0020833,50,3.6788,0.0009047619047619,0.0008857142857142,1.9047619047616888e-05,0.0277000000000002,-0.0173999999999998,-2.8571428571446586e-05,0.9985857142857144
NMC21Ah|02LCC02100101A87Y0163477,50,3.6803,0.0009142857142856,0.0008857142857142,2.8571428571446586e-05,0.0276999999999998,-0.0171999999999998,-2.857142857140429e-05,0.9969285714285716
NMC21Ah|02LCC02100101A87Y0013547,50,3.6784,0.0009047619047619,0.0008857142857142,1.9047619047616888e-05,0.0270999999999999,-0.0166999999999997,-3.333333333334018e-05,0.9989333333333332
NMC21Ah|02LCC02100101A87Y0004465,50,3.6812,0.0009047619047619,0.0008857142857142,1.9047619047616888e-05,0.0260000000000002,-0.0158,-3.809523809523389e-05,0.9904238095238096
NMC21Ah|02LCC02100101A87Y0057127,50,3.6802,0.0009333333333333,0.0009142857142856,1.9047619047616888e-05,0.0283999999999999,-0.0178000000000002,-3.333333333331904e-05,0.9916809523809524
NMC21Ah|02LCC02100101A87Y0161151,50,3.6805,0.0009142857142856,0.0009047619047619,9.52380952378741e-06,0.0285999999999999,-0.0181,-3.3333333333319145e-05,0.9927285714285714
NMC21Ah|02LCC02100101A87Y0027455,50,3.6772,0.0008857142857142,0.0008857142857142,4.2283884726934667e-17,0.0269000000000003,-0.0169000000000001,-2.8571428571446586e-05,1.005833333333333
NMC21Ah|02LCC02100101A87Y0010456,50,3.6758,0.0009523809523809,0.0009523809523809,4.2283884726934667e-17,0.0287999999999999,-0.0181,-3.333333333336143e-05,1.002714285714286
NMC21Ah|02LCC02100101A8BC0103791,50,3.7409,0.0009714285714285,0.0009428571428571,2.857142857144648e-05,0.0318,-0.0204999999999997,-4.285714285714862e-05,0.8836095238095238
NMC21Ah|02LCC02100101A87Y0184257,50,3.684,0.0009142857142856,0.0009047619047619,9.52380952378741e-06,0.0271999999999996,-0.0167000000000001,-2.857142857142544e-05,0.9829666666666668
NMC21Ah|02LCC02100101A87Y0011479,50,3.6775,0.0009333333333333,0.0009238095238095,9.523809523829586e-06,0.0293000000000001,-0.0186000000000001,-2.380952380955288e-05,1.005357142857143
NMC21Ah|02LCC02100101A87Y0007152,50,3.6774,0.0009047619047619,0.0008857142857142,1.9047619047616888e-05,0.0278999999999998,-0.0175999999999998,-3.333333333334018e-05,1.000414285714286
NMC21Ah|02LCC02100101A87Y0083146,50,3.6802,0.0009142857142856,0.0008857142857142,2.857142857140429e-05,0.0273999999999996,-0.0171000000000001,-1.9047619047617e-05,0.9890523809523808
NMC21Ah|02LCC02100101A87Y0173907,50,3.6749,0.0008857142857142,0.0008761904761904,9.523809523829694e-06,0.0258000000000002,-0.0158,-4.285714285714873e-05,1.007719047619048
NMC21Ah|02LCC02100101A87Y0015122,50,3.6798,0.0009142857142856,0.0008857142857142,2.857142857140429e-05,0.0271999999999996,-0.0167000000000001,-4.285714285712759e-05,0.992804761904762
NMC21Ah|02LCC02100101A87Y0186122,50,3.6826,0.0009714285714285,0.0009523809523809,1.9047619047616888e-05,0.0293000000000001,-0.0183999999999997,-2.857142857144648e-05,0.9871904761904764
NMC21Ah|02LCC02100101A87Y0085499,50,3.6823,0.0009523809523809,0.0009333333333333,1.9047619047617e-05,0.0276999999999998,-0.0169000000000001,-2.38095238095106e-05,0.9881380952380951
NMC21Ah|02LCC02100101A87Y0177229,50,3.6807,0.0009523809523809,0.0009333333333333,1.904761904765928e-05,0.0297,-0.0187999999999997,-3.333333333336143e-05,0.9909714285714286
NMC21Ah|02LCC02100101A87Y0055909,50,3.6819,0.0009238095238094,0.0009047619047619,1.9047619047574712e-05,0.0271999999999996,-0.0168000000000003,-2.857142857140429e-05,0.9904714285714288
NMC21Ah|02LCC02100101A87B0101984,50,3.7732,0.0013047619047619,0.0012857142857142,1.9047619047616888e-05,0.0459999999999998,-0.0308999999999999,-2.3809523809531627e-05,0.8371904761904762
NMC21Ah|02LCC02100101A8810050555,50,3.6842,0.0009333333333333,0.0009333333333333,0.0,0.0282999999999997,-0.0176000000000002,-2.38095238095106e-05,0.985247619047619
NMC21Ah|02LCC02100101A87Y0059325,50,3.6817,0.0009238095238095,0.0009142857142857,9.523809523787302e-06,0.0276999999999998,-0.0173,-2.857142857142544e-05,0.9873571428571428
NMC21Ah|02LCC02100101A87Y0063458,50,3.6807,0.0009523809523809,0.0009047619047619,4.7619047619021295e-05,0.0282999999999997,-0.0173999999999998,-4.285714285710645e-05,0.9930809523809524
NMC21Ah|02LCC02100101A87B0008516,50,3.7648,0.0013047619047619,0.0012666666666666,3.809523809527606e-05,0.0472000000000001,-0.0323000000000002,-1.904761904763813e-05,0.8516095238095238
NMC21Ah|02LCC02100101A87Y0052124,50,3.6784,0.0009047619047619,0.0008857142857142,1.9047619047616888e-05,0.0268999999999999,-0.0166999999999997,-3.809523809523389e-05,1.002109523809524
NMC21Ah|02LCC02100101A87Y0175162,50,3.6782,0.000895238095238,0.0008857142857142,9.523809523787302e-06,0.0261,-0.0158,-2.38095238095106e-05,1.001576190476191
NMC21Ah|02LCC02100101A87Y0172641,50,3.6772,0.000895238095238,0.0008666666666666,2.857142857140429e-05,0.0249000000000001,-0.0148000000000001,-3.333333333331904e-05,1.008171428571429
NMC21Ah|02LCC02100101A87Y0081320,50,3.684,0.0009142857142857,0.0009047619047618,9.523809523871978e-06,0.0262999999999999,-0.0158,-3.809523809527628e-05,0.9838380952380952
LFP35Ah|10号,50,3.3073,0.0009599999999999,0.0010342857142857,-7.428571428571879e-05,0.0604,-0.0420000000000002,-6.571428571428483e-05,0.8049657142857143
LFP35Ah|11号,50,3.3083,0.0009485714285714,0.0010057142857143,-5.714285714287625e-05,0.0562999999999997,-0.0381,-8.00000000000039e-05,0.8135085714285714
LFP35Ah|12号,50,3.3057,0.0008457142857142,0.00088,-3.428571428571055e-05,0.0487000000000001,-0.0322999999999997,-5.42857142857273e-05,0.8006771428571429
LFP35Ah|13号,50,3.3064,0.0008514285714285,0.0009028571428571,-5.1428571428578456e-05,0.0498999999999996,-0.0333999999999998,-4.285714285713182e-05,0.7876828571428571
LFP35Ah|14号,50,3.3069,0.00088,0.0009542857142856,-7.428571428569342e-05,0.052,-0.0350000000000001,-4.857142857142961e-05,0.8206942857142857
LFP35Ah|15号,50,3.3076,0.0010114285714285,0.0010857142857142,-7.428571428571879e-05,0.0611000000000001,-0.0415999999999998,-8.285714285713995e-05,0.8252085714285714
LFP35Ah|16号,50,3.3078,0.0010228571428571,0.0010914285714285,-6.857142857144647e-05,0.0585999999999997,-0.0387999999999997,-0.0001057142857142,0.8263371428571429
LFP35Ah|17号,50,3.3066,0.0008742857142857,0.0009371428571428,-6.285714285714868e-05,0.0529999999999999,-0.036,-6.285714285713588e-05,0.8226028571428572
LFP35Ah|18号,50,3.3064,0.0008285714285714,0.00088,-5.1428571428578456e-05,0.0501999999999998,-0.0341,-4.28571428571445e-05,0.8664914285714286
LFP35Ah|19号,50,3.308,0.00104,0.00112,-7.999999999999132e-05,0.0602,-0.0402999999999997,-8.285714285715274e-05,0.8270085714285714
LFP35Ah|1号,50,3.3055,0.0008685714285714,0.0009257142857142,-5.714285714285088e-05,0.0516,-0.0345999999999997,-4.571428571428066e-05,0.74364
LFP35Ah|20号,50,3.3062,0.0009771428571428,0.00104,-6.285714285714857e-05,0.0573999999999998,-0.0384999999999999,-7.428571428573147e-05,0.8541371428571428
LFP35Ah|21号,50,3.3073,0.0009199999999999,0.0009828571428571,-6.285714285714857e-05,0.0533000000000001,-0.0355000000000003,-6.285714285713588e-05,0.8308114285714285
LFP35Ah|22号,50,3.3071,0.00088,0.0009428571428571,-6.28571428571232e-05,0.0535000000000001,-0.0367000000000001,-5.999999999999973e-05,0.8388257142857143
LFP35Ah|23号,50,3.3076,0.0008285714285714,0.0008685714285714,-4.000000000000824e-05,0.0499,-0.0337999999999998,-4.571428571428066e-05,0.8411685714285714
LFP35Ah|24号,50,3.3064,0.0009142857142857,0.0009771428571428,-6.285714285714857e-05,0.0579999999999998,-0.0403999999999999,-5.7142857142863566e-05,0.8223485714285714
LFP35Ah|25号,50,3.3073,0.0009257142857142,0.0009828571428571,-5.714285714285077e-05,0.0512000000000001,-0.0333000000000001,-6.571428571428483e-05,0.8133142857142858
LFP35Ah|26号,50,3.3071,0.0009371428571428,0.0009942857142857,-5.714285714285077e-05,0.0567999999999999,-0.0388000000000001,-8.00000000000039e-05,0.8241457142857143
LFP35Ah|27号,50,3.3078,0.0008628571428571,0.0009142857142857,-5.1428571428578456e-05,0.0493000000000001,-0.0327999999999999,-5.714285714285088e-05,0.8535914285714286
LFP35Ah|28号,50,3.3074,0.00088,0.0009314285714285,-5.1428571428578456e-05,0.0500000000000002,-0.0327999999999999,-6.285714285714857e-05,0.8264828571428572
LFP35Ah|29号,50,3.3069,0.0008799999999999,0.0009314285714285,-5.142857142860383e-05,0.0522999999999997,-0.0351000000000003,-5.71428571428382e-05,0.83336
LFP35Ah|2号,50,3.3062,0.0009257142857142,0.0009828571428571,-5.714285714285077e-05,0.0533999999999998,-0.0354000000000001,-5.999999999999973e-05,0.7633
LFP35Ah|30号,50,3.3071,0.0009828571428571,0.0010342857142857,-5.14285714285532e-05,0.0594000000000001,-0.0403999999999999,-0.0001,0.8559142857142857
LFP35Ah|31号,50,3.3066,0.0008228571428571,0.0008685714285714,-4.571428571430603e-05,0.0505999999999997,-0.0348000000000001,-5.1428571428553086e-05,0.8499714285714285
LFP35Ah|32号,50,3.3076,0.0009599999999999,0.0010114285714285,-5.142857142857835e-05,0.0575000000000001,-0.0390999999999999,-8.285714285714005e-05,0.8482771428571428
LFP35Ah|33号,50,3.3071,0.0008114285714285,0.0008514285714285,-4.000000000000824e-05,0.0480999999999998,-0.0323000000000002,-3.9999999999982975e-05,0.845277142857143
LFP35Ah|34号,50,3.3066,0.0007828571428571,0.0008399999999999,-5.714285714285088e-05,0.0476999999999998,-0.0322999999999997,-2.857142857142544e-05,0.8210257142857144
LFP35Ah|35号,50,3.3071,0.0007542857142857,0.0007885714285714,-3.428571428568518e-05,0.0453000000000001,-0.0306999999999999,-4.285714285715719e-05,0.88986
LFP35Ah|36号,50,3.3076,0.0008399999999999,0.0008914285714285,-5.1428571428553086e-05,0.0504999999999999,-0.0343999999999997,-4.571428571428077e-05,0.8941942857142857
LFP35Ah|37号,50,3.3069,0.0008171428571428,0.0008799999999999,-6.28571428571232e-05,0.0487999999999999,-0.0329000000000001,-3.999999999999566e-05,0.8878885714285715
LFP35Ah|38号,50,3.3059,0.0007942857142857,0.0008342857142857,-4.0000000000008345e-05,0.0487999999999999,-0.0333999999999998,-4.571428571429335e-05,0.8744714285714286
LFP35Ah|39号,50,3.3078,0.0009485714285714,0.0009771428571428,-2.8571428571438125e-05,0.0575000000000001,-0.0394999999999998,-7.999999999999121e-05,0.9035257142857144
LFP35Ah|3号,50,3.3057,0.0009085714285714,0.0009714285714285,-6.285714285714857e-05,0.0532999999999996,-0.0356999999999998,-5.714285714285088e-05,0.7685371428571429
LFP35Ah|40号,50,3.3076,0.0009028571428571,0.0009542857142857,-5.1428571428578456e-05,0.0563000000000002,-0.0390999999999999,-5.1428571428578456e-05,0.9061085714285714
LFP35Ah|41号,50,3.3069,0.0007485714285714,0.0008114285714285,-6.285714285714868e-05,0.0461,-0.0316,-1.714285714285522e-05,0.9109142857142858
LFP35Ah|42号,50,3.3071,0.0007714285714285,0.0008057142857142,-3.428571428571055e-05,0.0474000000000001,-0.0323000000000002,-3.714285714285939e-05,0.85786
LFP35Ah|43号,50,3.308,0.0008342857142856,0.0008742857142857,-4.000000000000824e-05,0.0514999999999998,-0.0352999999999998,-4.5714285714267976e-05,0.8830285714285714
LFP35Ah|44号,50,3.3071,0.0007142857142857,0.0007542857142857,-3.999999999998287e-05,0.0432000000000001,-0.0293000000000001,-2.2857142857153016e-05,0.907
LFP35Ah|45号,50,3.3073,0.0007714285714285,0.0008285714285714,-5.714285714285088e-05,0.0468999999999999,-0.032,-3.1428571428574283e-05,0.8835542857142856
LFP35Ah|46号,50,3.3071,0.0008971428571428,0.0009542857142857,-5.714285714287625e-05,0.0545999999999997,-0.0373000000000001,-4.5714285714267976e-05,0.8943057142857143
LFP35Ah|47号,50,3.3073,0.0008685714285714,0.0009028571428571,-3.428571428571055e-05,0.0531999999999999,-0.0363999999999999,-6.285714285714857e-05,0.8922485714285714
LFP35Ah|48号,50,3.3071,0.0007542857142857,0.0007828571428571,-2.8571428571438125e-05,0.0445999999999999,-0.0300000000000002,-4.28571428571445e-05,0.8798314285714286
LFP35Ah|49号,50,3.3071,0.0007657142857142,0.0008114285714285,-4.571428571428066e-05,0.0468999999999999,-0.0321000000000002,-2.857142857142544e-05,0.8873885714285714
LFP35Ah|4号,50,3.3062,0.0008628571428571,0.0009028571428571,-4.000000000000824e-05,0.0526999999999997,-0.036,-5.142857142856577e-05,0.7739171428571429
LFP35Ah|50号,50,3.3071,0.0007999999999999,0.0008514285714285,-5.1428571428578456e-05,0.0466999999999999,-0.0313000000000003,-3.714285714284671e-05,0.8691085714285715
LFP35Ah|51号,50,3.3073,0.0008342857142857,0.0008742857142857,-3.999999999998287e-05,0.0499,-0.0339,-5.1428571428578456e-05,0.8708857142857144
LFP35Ah|52号,50,3.3076,0.0007485714285714,0.0007828571428571,-3.428571428568518e-05,0.0449000000000001,-0.0303999999999997,-2.571428571430186e-05,0.9147485714285714
LFP35Ah|53号,50,3.308,0.00088,0.0009314285714285,-5.1428571428578456e-05,0.0537,-0.0368999999999997,-5.428571428571461e-05,0.922802857142857
LFP35Ah|54号,50,3.3078,0.0007828571428571,0.0008114285714285,-2.8571428571438125e-05,0.0477000000000003,-0.0327999999999999,-5.142857142856577e-05,0.9623314285714286
LFP35Ah|55号,50,3.3073,0.0008057142857142,0.0008514285714285,-4.571428571428066e-05,0.0484999999999997,-0.0329999999999999,-3.714285714285939e-05,0.9208057142857144
LFP35Ah|56号,50,3.3073,0.0007428571428571,0.0007942857142857,-5.1428571428578456e-05,0.0459999999999998,-0.0316,-3.14285714285616e-05,0.9578857142857145
LFP35Ah|5号,50,3.3071,0.0009428571428571,0.001,-5.714285714287636e-05,0.0554999999999998,-0.0374000000000003,-6.571428571427204e-05,0.7998028571428571
LFP35Ah|6号,50,3.3076,0.0010342857142857,0.0011142857142857,-7.99999999999911e-05,0.0592000000000001,-0.0392999999999998,-9.999999999999538e-05,0.8089914285714285
LFP35Ah|7号,50,3.3071,0.0008971428571428,0.0009428571428571,-4.571428571428066e-05,0.0527999999999999,-0.0355000000000003,-5.428571428570193e-05,0.8004
LFP35Ah|8号,50,3.3071,0.0009371428571428,0.0009828571428571,-4.571428571430592e-05,0.0548999999999999,-0.0369000000000001,-7.42857142857061e-05,0.7848257142857143
LFP35Ah|9号,50,3.3066,0.00092,0.0009828571428571,-6.285714285714857e-05,0.0533000000000001,-0.0354999999999998,-5.714285714286346e-05,0.7780628571428571
