电芯编号,材料体系,诊断周期节点,循环次数,测试荷电状态_SOC,实测健康状态_SOH_pct,稳态电压_U0_V,充电直流内阻_ohm,放电直流内阻_ohm,倍率敏感内阻差_ohm,极化过电位_V,充放电不对称度,撤载松弛电压_V
LFP_B1_1,LFP,0-50_cycles,50,20,97.5809,3.269578218460083,0.0140505726598217,0.0128327981313822,-0.0026078547822676,-0.0359237194061283,-0.045298431431745,0.0516498088836669
LFP_B1_1,LFP,0-50_cycles,50,50,97.5809,3.311602830886841,0.0138072903510949,0.0124384371822888,-0.0026093410681236,-0.0273101329803471,-0.0521552762088562,0.0537533760070796
LFP_B1_1,LFP,0-50_cycles,50,80,97.5809,3.342287540435791,0.0136423124728292,0.0118940796199191,-0.0026137701878305,-0.023760557174683,-0.0684604483891288,0.0513083934783931
LFP_B1_1,LFP,0-50_cycles,50,95,97.5809,3.339498281478882,0.0125476142641895,0.0110800477708528,-0.0019150203220218,-0.0202584266662588,-0.0621122179232158,0.0473301410675053
LFP_B1_1,LFP,50-100_cycles,100,20,96.1492,3.2684247493743896,0.0136018441440013,0.0128326905372029,-0.0025694981672759,-0.0382499694824218,-0.0290965442015245,0.0453190803527832
LFP_B1_1,LFP,50-100_cycles,100,50,96.1492,3.311094284057617,0.0137009256265575,0.0123852989390661,-0.002550364776182,-0.0284049510955819,-0.0504337714406223,0.0444767475128169
LFP_B1_1,LFP,50-100_cycles,100,80,96.1492,3.3417019844055176,0.0134353760862183,0.01179310774588,-0.0024938572380884,-0.0237867832183842,-0.0650958000991264,0.0422539710998539
LFP_B1_1,LFP,50-100_cycles,100,95,96.1492,3.33897066116333,0.0120767960160891,0.0109999469997823,-0.001881828979482,-0.0215821266174311,-0.0466638214745548,0.0373556613922119
LFP_B1_2,LFP,0-50_cycles,50,20,97.0048,3.26792573928833,0.0139424109725901,0.0128769283126192,-0.0025860865284559,-0.0303800106048584,-0.0397281472388287,0.0512218475341788
LFP_B1_2,LFP,0-50_cycles,50,50,97.0048,3.3111472129821777,0.013729964084527,0.0124177001751948,-0.0026015308765823,-0.0271496772766122,-0.0501866589802292,0.0533592700958251
LFP_B1_2,LFP,0-50_cycles,50,80,97.0048,3.34231185913086,0.0135488764776403,0.01192240275909,-0.0026468840936703,-0.022788763046265,-0.0638552034797225,0.0507094860076899
LFP_B1_2,LFP,0-50_cycles,50,95,97.0048,3.3394646644592285,0.0123655204570618,0.0110782213812843,-0.0019071560474309,-0.0076603889465327,-0.0549101369846982,0.0479366779327392
LFP_B1_2,LFP,50-100_cycles,100,20,95.5899,3.2667336463928223,0.0130548704759934,0.0123606058954594,-0.0024189601251176,-0.0263643264770498,-0.0273166070305823,0.0499670505523681
LFP_B1_2,LFP,50-100_cycles,100,50,95.5899,3.310821056365967,0.0128728060572607,0.0119824450890975,-0.0024508864310724,-0.0269267559051509,-0.0358218455697884,0.0490679740905757
LFP_B1_2,LFP,50-100_cycles,100,80,95.5899,3.341447114944458,0.0128119244286386,0.0114611314883776,-0.0025214638174204,-0.0219841003417968,-0.0556498919987272,0.045226097106934
LFP_B1_2,LFP,50-100_cycles,100,95,95.5899,3.338562488555908,0.0115440527877766,0.0104810321275409,-0.0017361023508164,-0.0112617015838627,-0.0482640890749237,0.041245460510253
LFP_C2_1,LFP,0-50_cycles,50,20,96.7638,3.252374649047852,0.0140961694120579,0.013015201583091,-0.0027136860523196,-0.0364279747009281,-0.0398713819806584,0.0489165782928471
LFP_C2_1,LFP,0-50_cycles,50,50,96.7638,3.3100924491882324,0.0140703654948027,0.0091726638487319,0.0006090659186516,-0.0228590965270991,-0.2107170099767214,0.0517973899841299
LFP_C2_1,LFP,0-50_cycles,50,80,96.7638,3.342280864715576,0.0143384766945249,0.0122144087821725,-0.0027281448144599,-0.0249528884887699,-0.0799938641025084,0.0500516891479492
LFP_C2_1,LFP,0-50_cycles,50,95,96.7638,3.340132474899292,0.013105327429569,0.0114648070622596,-0.0028971234786303,-0.019458532333374,-0.0667688802377114,0.0448372364044189
LFP_C2_1,LFP,50-100_cycles,100,20,95.9453,3.2616982460021973,0.012903735534435,0.0121356443098311,-0.0022946417196215,-0.034562349319458,-0.0306753293963789,0.0480892658233638
LFP_C2_1,LFP,50-100_cycles,100,50,95.9453,3.310608148574829,0.0128745403723313,0.0117675402545284,-0.0024265131237515,-0.0265412330627436,-0.0449231594752714,0.0472350120544442
LFP_C2_1,LFP,50-100_cycles,100,80,95.9453,3.34135365486145,0.0125375505899387,0.011211956703312,-0.0024448375483394,-0.0228796005249019,-0.0558156373628624,0.0453822612762451
LFP_C2_1,LFP,50-100_cycles,100,95,95.9453,3.338999032974243,0.0116257158760168,0.0103121975078546,-0.0017935445148409,-0.0195240974426269,-0.0598743529148874,0.0422232151031498
LFP_C2_2,LFP,0-50_cycles,50,20,96.4595,3.258342981338501,0.0139743581174623,0.0129326322201156,-0.0026743012131846,-0.031456708908081,-0.0387158089506539,0.0494263172149658
LFP_C2_2,LFP,0-50_cycles,50,50,96.4595,3.3105275630950928,0.0141410546428837,0.0125504697223729,-0.002722602398611,-0.027869701385498,-0.0595913855928443,0.0556683540344229
LFP_C2_2,LFP,0-50_cycles,50,80,96.4595,3.342337846755981,0.0142547833537642,0.0121536964837327,-0.0026355664410284,-0.0250027179718022,-0.0795610683750193,0.0502092838287357
LFP_C2_2,LFP,0-50_cycles,50,95,96.4595,3.340072631835937,0.0130594568355543,0.0114066460500579,-0.0020756743186764,-0.021695852279663,-0.0675551309999757,0.0460882186889648
LFP_C2_2,LFP,50-100_cycles,100,20,94.6379,3.259941577911377,0.0127714225617199,0.0120442431283894,-0.00224309464294,-0.0351419448852539,-0.0293032410418207,0.0468039512634281
LFP_C2_2,LFP,50-100_cycles,100,50,94.6379,3.310299873352051,0.0128113668044664,0.011745519546802,-0.002364474981005,-0.026565551757812,-0.0434031921807317,0.0468850135803218
LFP_C2_2,LFP,50-100_cycles,100,80,94.6379,3.341408491134644,0.0125196383508318,0.011192386564682,-0.0023561077089502,-0.0196146965026859,-0.0559737850680735,0.0440809726715092
LFP_C2_2,LFP,50-100_cycles,100,95,94.6379,3.3389687538146973,0.0116028963868955,0.010293700480589,-0.0017316667533193,-0.0195519924163818,-0.0597899259976127,0.0426058769226069
LFP_D1_1,LFP,0-50_cycles,50,20,93.8675,3.2685887813568115,0.0130574139170975,0.0124574293152173,-0.0024215046657509,-0.0367505550384521,-0.0235151200584415,0.0524230003356929
LFP_D1_1,LFP,0-50_cycles,50,50,93.8675,3.311176061630249,0.0135666380780491,0.0125333608373343,-0.0026758289370555,-0.0258679389953608,-0.0395891679560862,0.0491344928741459
LFP_D1_1,LFP,0-50_cycles,50,80,93.8675,3.3415780067443848,0.0138917807058676,0.0120926106749038,-0.0025298496318709,-0.0173380374908447,-0.0692404145472968,0.0587954521179199
LFP_D1_1,LFP,0-50_cycles,50,95,93.8675,3.3385467529296875,0.01278412141412,0.0114369576788067,-0.0020034991318098,-0.0202765464782723,-0.0556194763307133,0.057457685470581
LFP_D1_1,LFP,50-100_cycles,100,20,92.6059,3.271929979324341,0.0126526685541205,0.0120997462241435,-0.0022968321764778,-0.0285398960113529,-0.0223381167021536,0.0492255687713623
LFP_D1_1,LFP,50-100_cycles,100,50,92.6059,3.311300039291382,0.0128662073830452,0.0121233129361902,-0.0025372663816331,-0.0268039703369136,-0.0297282395726198,0.0456466674804691
LFP_D1_1,LFP,50-100_cycles,100,80,92.6059,3.3412182331085205,0.0128002480164007,0.0115954892474471,-0.0024912984413576,-0.0230357646942138,-0.0493839868794982,0.0460450649261483
LFP_D1_1,LFP,50-100_cycles,100,95,92.6059,3.33919095993042,0.0120620727427905,0.0108210710762161,-0.0018298135568421,-0.0174312591552729,-0.0542321315807859,0.0492138862609872
LFP_D1_2,LFP,0-50_cycles,50,20,94.5436,3.265211343765259,0.0133903293174787,0.0126994449091685,-0.0024445844568261,-0.036906242370605,-0.0264810420476748,0.0529935359954829
LFP_D1_2,LFP,0-50_cycles,50,50,94.5436,3.310544490814209,0.0137225725968133,0.0123853394837369,-0.0025752026205913,-0.0226435661315917,-0.0512194582604185,0.053210973739624
LFP_D1_2,LFP,0-50_cycles,50,80,94.5436,3.341493844985962,0.0138792614609209,0.0120350983822619,-0.0026482040901958,-0.0243232250213618,-0.0711637520594235,0.0502970218658438
LFP_D1_2,LFP,0-50_cycles,50,95,94.5436,3.338274955749512,0.0124601738969108,0.0111527190380162,-0.0018329971159056,-0.0201990604400625,-0.0553703801773751,0.0464181900024409
LFP_D1_2,LFP,50-100_cycles,100,20,93.2761,3.266838312149048,0.012454006333497,0.0118118554584644,-0.002146355075659,-0.0330097675323481,-0.0264631390608753,0.0474288463592529
LFP_D1_2,LFP,50-100_cycles,100,50,93.2761,3.3107988834381104,0.0122925845487587,0.0117419986432887,-0.0024245131169299,-0.0245261192321781,-0.0229080696374285,0.0469419956207279
LFP_D1_2,LFP,50-100_cycles,100,80,93.2761,3.341182231903076,0.0123937576002433,0.0114206418014492,-0.0025231031645354,-0.022529125213623,-0.0408624959370151,0.0462927818298339
LFP_D1_2,LFP,50-100_cycles,100,95,93.2761,3.338956117630005,0.0117366889529372,0.010546567943746,-0.0018018384356696,-0.0193488597869868,-0.0534087550446131,0.047596931457519
LFP_D2_1,LFP,0-50_cycles,50,20,97.1107,3.262082576751709,0.0149145180390154,0.0136635598916965,-0.0028614028523792,-0.026781558990478,-0.0437733478910621,0.0622115135192871
LFP_D2_1,LFP,0-50_cycles,50,50,97.1107,3.310811996459961,0.0149091408247685,0.0130586322770682,-0.0028795536163711,-0.0300178527832026,-0.0661657451582657,0.0488760471343994
LFP_D2_1,LFP,0-50_cycles,50,80,97.1107,3.3424229621887207,0.0148498801225191,0.0124564176293616,-0.0027263597405668,-0.0266706943511958,-0.0876523985384512,0.0475397109985351
LFP_D2_1,LFP,0-50_cycles,50,95,97.1107,3.339376211166382,0.0132087924600516,0.0117471376459738,-0.0022119688345782,-0.0235815048217777,-0.0585694385209425,0.0419061183929438
LFP_D2_1,LFP,50-100_cycles,100,20,95.9355,3.2632415294647217,0.0127835220535651,0.0119825306643866,-0.0023661575753502,-0.0323033332824698,-0.0323423114010373,0.0458860397338858
LFP_D2_1,LFP,50-100_cycles,100,50,95.9355,3.3108341693878174,0.0129539570106291,0.0119730734998314,-0.0026109802558914,-0.026166439056396,-0.0393501949775382,0.0474162101745596
LFP_D2_1,LFP,50-100_cycles,100,80,95.9355,3.341413736343384,0.0128910686611709,0.0113724829345,-0.0024942476505342,-0.0233774185180659,-0.0625871163453979,0.0475256443023677
LFP_D2_1,LFP,50-100_cycles,100,95,95.9355,3.339218854904175,0.0119559307176186,0.010580512979986,-0.0018996075125812,-0.0182857513427729,-0.0610308243877333,0.0461282730102539
LFP_D2_2,LFP,0-50_cycles,50,20,97.785,3.260007619857788,0.01482049600974,0.0134332291385823,-0.0027923728333737,-0.0394883155822749,-0.0491003173519591,0.0481178760528568
LFP_D2_2,LFP,0-50_cycles,50,50,97.785,3.310659408569336,0.0144833221404961,0.0126369321029018,-0.0026311265168709,-0.0300312042236332,-0.068081590276527,0.050033807754517
LFP_D2_2,LFP,0-50_cycles,50,80,97.785,3.342435836791992,0.0143753573674014,0.0122203774231619,-0.0026819180387047,-0.0266833305358891,-0.081027276035409,0.054512500762939
LFP_D2_2,LFP,0-50_cycles,50,95,97.785,3.339654922485352,0.0130679529823122,0.0114388041631684,-0.0020075284119655,-0.0235397815704341,-0.0664775355414256,0.0417265892028813
LFP_D2_2,LFP,50-100_cycles,100,20,96.5943,3.261394739151001,0.012573027321313,0.0119068551932216,-0.0022914890572851,-0.035403966903686,-0.0272130443312316,0.04854416847229
LFP_D2_2,LFP,50-100_cycles,100,50,96.5943,3.3105956315994263,0.0125100933483329,0.0115204753553194,-0.002358053003613,-0.0189445018768306,-0.0411816301652109,0.049898624420166
LFP_D2_2,LFP,50-100_cycles,100,80,96.5943,3.3412212133407597,0.0122911799084606,0.0110050078304758,-0.0023723618282106,-0.022403717041016,-0.0552095515540152,0.045706272125245
LFP_D2_2,LFP,50-100_cycles,100,95,96.5943,3.338923931121826,0.0114718081085854,0.0102189294291151,-0.001847769342878,-0.0189464092254638,-0.057760999472362,0.041360855102539
LFP_D3_1,LFP,0-50_cycles,50,20,96.2338,3.266766309738159,0.014460687674474,0.0134089408752743,-0.0027710098714342,-0.03639817237854,-0.037738098924507,0.0540027618408212
LFP_D3_1,LFP,0-50_cycles,50,50,96.2338,3.310821056365967,0.014532415083146,0.012996607896704,-0.0028424880812627,-0.0259652137756352,-0.0557886557603629,0.0544004440307621
LFP_D3_1,LFP,0-50_cycles,50,80,96.2338,3.342313528060913,0.0146231486828768,0.012500856837886,-0.0028000144623171,-0.0245981216430659,-0.0782440426568353,0.0542190074920649
LFP_D3_1,LFP,0-50_cycles,50,95,96.2338,3.338888168334961,0.0131194561767395,0.0115713062553685,-0.0018887353147083,-0.0212903022766122,-0.0627015842717658,0.0488207340240478
LFP_D3_1,LFP,50-100_cycles,100,20,94.3963,3.263105630874634,0.0124643237917109,0.011969747130841,-0.0021562848904083,-0.0347537994384761,-0.0202412713967117,0.0461044311523428
LFP_D3_1,LFP,50-100_cycles,100,50,94.3963,3.310718297958374,0.0123136563664057,0.0116779035860287,-0.0023440366125017,-0.0185186862945561,-0.0264990180562456,0.046126365661621
LFP_D3_1,LFP,50-100_cycles,100,80,94.3963,3.3411576747894287,0.0121355322257278,0.0112698175588584,-0.0024801536009109,-0.0220036506652832,-0.0369878969909495,0.0439610481262211
LFP_D3_1,LFP,50-100_cycles,100,95,94.3963,3.338689088821411,0.0115027610016514,0.0102688319227665,-0.0017339530123873,-0.0189614295959472,-0.0566761046455604,0.0396528244018559
LFP_D3_2,LFP,0-50_cycles,50,20,97.4797,3.270436286926269,0.0141582711232477,0.0131018175378357,-0.00268414587113,-0.0362074375152592,-0.0387545909533387,0.0557725429534907
LFP_D3_2,LFP,0-50_cycles,50,50,97.4797,3.311487197875977,0.0143742729584559,0.0127468084503622,-0.0026593692689512,-0.0277254581451407,-0.0600073604574108,0.0545356273651131
LFP_D3_2,LFP,0-50_cycles,50,80,97.4797,3.342278003692627,0.0143210139774882,0.012200053520775,-0.0026824638395309,-0.020035028457642,-0.0799726653858171,0.0531427860260009
LFP_D3_2,LFP,0-50_cycles,50,95,97.4797,3.339111804962158,0.0126949968771958,0.0113768812584468,-0.0019153002234173,-0.020565509796143,-0.0547574896865777,0.0471422672271719
LFP_D3_2,LFP,50-100_cycles,100,20,95.5843,3.267152070999145,0.0123124564382404,0.0117362566687503,-0.002180509606302,-0.0349009037017831,-0.0239596924345421,0.0456430912017817
LFP_D3_2,LFP,50-100_cycles,100,50,95.5843,3.311406135559082,0.0120390574766653,0.0115326805595016,-0.0023289300104178,-0.0258729457855233,-0.0214823750538339,0.0460088253021235
LFP_D3_2,LFP,50-100_cycles,100,80,95.5843,3.3412532806396484,0.0118826707908163,0.0109956786552848,-0.0023783357312691,-0.018773078918457,-0.0387699356381051,0.0447349548339848
LFP_D3_2,LFP,50-100_cycles,100,95,95.5843,3.338955402374268,0.011238567248622,0.0100462967869669,-0.0016665985610198,-0.0185842514038085,-0.0560149437488305,0.040574312210083
LFP_H2_1,LFP,0-50_cycles,50,20,96.9281,3.269601821899414,0.0149815688621386,0.0137639240192127,-0.0029326097187643,-0.0362880229949951,-0.0423595047735574,0.0540122985839839
LFP_H2_1,LFP,0-50_cycles,50,50,96.9281,3.3108842372894287,0.0153924541482073,0.0136116478090406,-0.0030467858058231,-0.0261270999908438,-0.0613984305320509,0.054459810256958
LFP_H2_1,LFP,0-50_cycles,50,80,96.9281,3.34236741065979,0.0155375467985573,0.0131065203604988,-0.0030677571101866,-0.0243279933929447,-0.0848701556437286,0.052336454391479
LFP_H2_1,LFP,0-50_cycles,50,95,96.9281,3.339054107666016,0.0137756993090895,0.0121851531388302,-0.0021973266699574,-0.0210638046264652,-0.0612671010495546,0.047415018081665
LFP_H2_1,LFP,50-100_cycles,100,20,95.1204,3.2651712894439697,0.0126707010858161,0.0121787956559499,-0.0024023766363256,-0.030990600585937,-0.0197953880103928,0.0483708381652827
LFP_H2_1,LFP,50-100_cycles,100,50,95.1204,3.31079626083374,0.0128440741250857,0.0122266172334431,-0.0026763222133296,-0.0215415954589848,-0.0246286344007246,0.047406911849976
LFP_H2_1,LFP,50-100_cycles,100,80,95.1204,3.341097831726074,0.0127758582064556,0.0116947008942149,-0.0026156946820781,-0.022289752960205,-0.0441819619973903,0.0522899627685551
LFP_H2_1,LFP,50-100_cycles,100,95,95.1204,3.338895559310913,0.0120860121443254,0.0107560161733364,-0.0019308834464254,-0.0184812545776371,-0.0582258262047861,0.0430731773376469
LFP_H2_2,LFP,0-50_cycles,50,20,95.2945,3.269808292388916,0.0152946864131968,0.0139202685639014,-0.0031056679125825,-0.036131858825684,-0.0470450100084978,0.053632259368896
LFP_H2_2,LFP,0-50_cycles,50,50,95.2945,3.310835123062134,0.015602276154209,0.0137635916271543,-0.0031302546906454,-0.0263094902038569,-0.0626129811910963,0.0537459850311279
LFP_H2_2,LFP,0-50_cycles,50,80,95.2945,3.342270612716675,0.0156990892525337,0.0132153606593591,-0.0030739090849693,-0.0245835781097407,-0.085899216507416,0.0521638393402099
LFP_H2_2,LFP,0-50_cycles,50,95,95.2945,3.3391225337982178,0.0139563843866633,0.0123455282800909,-0.0021611224048305,-0.0206775665283198,-0.0612448275903708,0.0472562313079838
LFP_H2_2,LFP,50-100_cycles,100,20,93.3386,3.265489339828491,0.0127220309751772,0.0121728876841001,-0.0022976010328656,-0.034375905990601,-0.0220584488984633,0.0471665859222412
LFP_H2_2,LFP,50-100_cycles,100,50,93.3386,3.3108242750167847,0.0130613648005816,0.0123234604164086,-0.0026212044956111,-0.025712251663208,-0.0290687203029926,0.045632123947144
LFP_H2_2,LFP,50-100_cycles,100,80,93.3386,3.34106993675232,0.0128911328739959,0.0103466707940458,-0.0012185071788055,-0.0211830139160147,-0.109496668286657,0.0482861995697017
LFP_H2_2,LFP,50-100_cycles,100,95,93.3386,3.338893175125122,0.0122472696867901,0.0108487811429971,-0.0019450332509623,-0.0186448097229012,-0.0605509813820353,0.0427465438842769
NCM_B1_1,NCM,0-50_cycles,50,20,101.1451,3.5940945148468018,0.0042285651362092,0.0041700204889917,-0.0001012384874746,-0.0172302722930899,-0.0069707745839792,0.018070220947266
NCM_B1_1,NCM,0-50_cycles,50,50,101.1451,3.745927333831787,0.0043699753905479,0.0049535816578741,-0.0004141239053841,-0.0192492008209228,0.0625948084293599,0.0186514854431152
NCM_B1_1,NCM,0-50_cycles,50,80,101.1451,3.9673898220062256,0.0041353589011171,0.0040764099852575,-0.0002413879259944,-0.0174248218536376,-0.0071785892510255,0.019637107849121
NCM_B1_1,NCM,0-50_cycles,50,95,101.1451,4.115572929382324,0.0043699430246916,0.0043279463895313,-0.000247176008467,-0.0181455612182617,-0.0048283707874817,0.0185437202453613
NCM_B1_1,NCM,50-100_cycles,100,20,102.5776,3.582438468933105,0.0037592167273285,0.0037129737725032,-0.0001940922737364,-0.0188076496124267,-0.0061886745026493,0.0144839286804199
NCM_B1_1,NCM,50-100_cycles,100,50,102.5776,3.7415671348571777,0.003438920708014,0.0043849991695338,-0.0003729550834707,-0.021456241607666,0.1209212870692555,0.0150923728942871
NCM_B1_1,NCM,50-100_cycles,100,80,102.5776,3.965975522994995,0.0037296515902098,0.0036542993279521,-0.0002025565075248,-0.018557071685791,-0.0102048704132489,0.0166902542114257
NCM_B1_1,NCM,50-100_cycles,100,95,102.5776,4.115752696990967,0.003795551636295,0.0038056710936292,-0.0001923476850465,-0.019235610961914,0.0013312933581559,0.0148549079895019
NCM_B1_2,NCM,0-50_cycles,50,20,103.499,3.591366767883301,0.0040930412955825,0.0041857816580639,-0.0001786859301246,-0.017014741897583,0.0112021193109956,0.018329381942749
NCM_B1_2,NCM,0-50_cycles,50,50,103.499,3.742999792098999,0.0042598738581636,0.0048726930233062,-0.000441269863307,-0.0191073417663569,0.0671026200077473,0.0184595584869389
NCM_B1_2,NCM,0-50_cycles,50,80,103.499,3.952723979949951,0.003890008513016,0.0038810057489593,-0.0002200357858175,-0.0167088508605961,-0.0011585056664737,0.0190117359161381
NCM_B1_2,NCM,0-50_cycles,50,95,103.499,4.0982666015625,0.0041982084267724,0.004073513058005,-0.0002323351071371,-0.0163111686706534,-0.0150748993419161,0.0182442665100106
NCM_B1_2,NCM,50-100_cycles,100,20,104.872,3.586174488067627,0.0033660486283804,0.0037735148629039,-0.0001053386095779,-0.0184988975524897,0.057071589183412,0.015779972076416
NCM_B1_2,NCM,50-100_cycles,100,50,104.872,3.745641469955444,0.0040118480248006,0.0046209988442441,-0.0004227044769163,-0.0232810974121089,0.0705619859455314,0.0157220363616938
NCM_B1_2,NCM,50-100_cycles,100,80,104.872,3.9592809677124015,0.0036654567197115,0.0036694494562347,-0.0002397461098027,-0.016667366027832,0.0005443473205356,0.0157086849212637
NCM_B1_2,NCM,50-100_cycles,100,95,104.872,4.108159065246582,0.0038032122568881,0.0038687467441836,-0.000220037688054,-0.0206503868103018,0.0085420799676207,0.0150661468505859
NCM_C2_1,NCM,0-50_cycles,50,20,103.3783,3.580944061279297,0.004157248384722,0.0040627195257247,-0.0001320113033196,-0.0189681053161621,-0.0114999060856729,0.0163450241088858
NCM_C2_1,NCM,0-50_cycles,50,50,103.3783,3.69616436958313,0.0038197150261851,0.0044863824389811,-0.0004188392020621,-0.0173521041870117,0.0802624115105561,0.0159556865692138
NCM_C2_1,NCM,0-50_cycles,50,80,103.3783,3.973132610321045,0.0043090846360079,0.0043157061107179,-0.0002409439419041,-0.021485805511475,0.000767725838742,0.0170631408691401
NCM_C2_1,NCM,0-50_cycles,50,95,103.3783,4.133374214172363,0.0044426980889072,0.0043792361817784,-0.0001975632479428,-0.0207500457763663,-0.0071936499617441,0.0197219848632812
NCM_C2_1,NCM,50-100_cycles,100,20,104.8893,3.574414253234864,0.003919541795066,0.0038361086450537,-9.239941039785194e-05,-0.0180423259735111,-0.0107577244044807,0.015924215316772
NCM_C2_1,NCM,50-100_cycles,100,50,104.8893,3.688976287841797,0.0035464557873151,0.0041018032070594,-0.0003557418043475,-0.0162494182586669,0.0726109589323294,0.0149233341217041
NCM_C2_1,NCM,50-100_cycles,100,80,104.8893,3.956779003143311,0.0040410318241744,0.0039788241671755,-0.0002651948564135,-0.0208768844604501,-0.0077567049914597,0.0170929431915278
NCM_C2_1,NCM,50-100_cycles,100,95,104.8893,4.118260383605957,0.0040052340905436,0.0040798044031142,-0.0002464375310802,-0.0227637290954589,0.0092232476851088,0.016057014465332
NCM_C2_2,NCM,0-50_cycles,50,20,102.8419,3.569308042526245,0.004078231299504,0.0040481778248832,-0.0002131158122637,-0.0174834728240962,-0.0036982477944154,0.0162265300750727
NCM_C2_2,NCM,0-50_cycles,50,50,102.8419,3.6812689304351807,0.0035873181340267,0.0042502573863067,-0.0004123752753178,-0.0152304172515869,0.084584735491238,0.01617431640625
NCM_C2_2,NCM,0-50_cycles,50,80,102.8419,3.933621883392334,0.0041436926524416,0.0041315203849423,-0.0002767818734612,-0.0197279453277579,-0.0014709310134108,0.0169954299926762
NCM_C2_2,NCM,0-50_cycles,50,95,102.8419,4.089323997497559,0.0041971231399772,0.0042047983415127,-0.0001910121340723,-0.0221562385559082,0.0009135055061365,0.0170121192932128
NCM_C2_2,NCM,50-100_cycles,100,20,103.8857,3.5776472091674805,0.0038818128233349,0.0037993966179287,-6.128869041224132e-05,-0.01923680305481,-0.0107295870573988,0.0153441429138179
NCM_C2_2,NCM,50-100_cycles,100,50,103.8857,3.6878974437713614,0.0034964476093094,0.0042350307697966,-0.0003996818155567,-0.017331838607788,0.0955293572938269,0.0148439407348628
NCM_C2_2,NCM,50-100_cycles,100,80,103.8857,3.9475388526916495,0.0039868550158893,0.0039978670242421,-0.0002736660802371,-0.0195269584655761,0.0013791348399438,0.0165529251098628
NCM_C2_2,NCM,50-100_cycles,100,95,103.8857,4.107576370239258,0.0040620099681725,0.0040585707048354,-0.000179010790636,-0.0230684280395507,-0.0004235243113354,0.0153689384460449
NCM_D1_1,NCM,0-50_cycles,50,20,104.8131,3.583447217941284,0.0038176480915408,0.0037066441070697,-0.0001197740293172,-0.0188808441162113,-0.0147527477058447,0.016580581665039
NCM_D1_1,NCM,0-50_cycles,50,50,104.8131,3.7457916736602783,0.0040486030489646,0.0046347789853633,-0.0003980477099831,-0.0229499340057368,0.0675054873874417,0.0168323516845698
NCM_D1_1,NCM,0-50_cycles,50,80,104.8131,3.9693796634674072,0.0037829562710787,0.003786731102033,-0.0002467100543696,-0.0178418159484858,0.0004986772594755,0.0192091464996337
NCM_D1_1,NCM,0-50_cycles,50,95,104.8131,4.12434720993042,0.0040286052852491,0.0040439773175369,-0.0001932699365375,-0.0197196006774902,0.0019042273141317,0.0172829627990722
NCM_D1_1,NCM,50-100_cycles,100,20,104.5076,3.5907623767852783,0.0038492656976825,0.0038511493426993,-0.0001900067725838,-0.0189111232757572,0.0002446160378219,0.0155458450317391
NCM_D1_1,NCM,50-100_cycles,100,50,104.5076,3.7488410472869873,0.004197644673833,0.0047949874254179,-0.0004526021684514,-0.0233247280120849,0.0664257966957916,0.0162863731384281
NCM_D1_1,NCM,50-100_cycles,100,80,104.5076,3.9683237075805664,0.0038461551966117,0.0038331271282048,-0.0002489373440753,-0.0180211067199711,-0.0016965216091565,0.0162234306335449
NCM_D1_1,NCM,50-100_cycles,100,95,104.5076,4.120018482208252,0.0041058608827037,0.0040892234819159,-0.000226632531193,-0.0212669372558593,-0.0020301683359939,0.0163044929504394
NCM_D1_2,NCM,0-50_cycles,50,20,104.6859,3.585203170776367,0.0037756005334813,0.0037865551591722,-0.0001746578800441,-0.0188438892364501,0.0014486114986382,0.0159785747528076
NCM_D1_2,NCM,0-50_cycles,50,50,104.6859,3.7536444664001465,0.0041027353746775,0.0047385195259338,-0.0004412586323185,-0.0225000381469731,0.0719110757922281,0.0162281990051273
NCM_D1_2,NCM,0-50_cycles,50,80,104.6859,3.9692366123199454,0.00375091747826,0.003759472325339,-0.0003057298616992,-0.017801284790039,0.0011390683177151,0.0192067623138432
NCM_D1_2,NCM,0-50_cycles,50,95,104.6859,4.121735572814941,0.0039967215277596,0.0040074576398736,-0.0002034978430889,-0.0213971138000488,0.0013413133175892,0.0169215202331542
NCM_D1_2,NCM,50-100_cycles,100,20,104.2885,3.592019557952881,0.0037805384732053,0.0037682074821751,-0.0001741990204386,-0.0194530487060542,-0.0016335151696883,0.0148513317108154
NCM_D1_2,NCM,50-100_cycles,100,50,104.2885,3.757898330688477,0.0041542104904787,0.0048225397725143,-0.000454674737544,-0.0233762264251713,0.0744511390487057,0.0159604549407959
NCM_D1_2,NCM,50-100_cycles,100,80,104.2885,3.969942092895508,0.0038100694572866,0.0037738969905874,-0.0002475671747125,-0.017704963684082,-0.0047695974062965,0.0212562084198002
NCM_D1_2,NCM,50-100_cycles,100,95,104.2885,4.11993408203125,0.004070434533883,0.0040428669571808,-0.0002024576433269,-0.0214157104492187,-0.0033978247612947,0.0159182548522958
NCM_D2_1,NCM,0-50_cycles,50,20,103.3036,3.570463895797729,0.0058384390805361,0.0058832283301642,0.0003177947729962,-0.0171322822570796,0.0038210647051182,0.0282208919525146
NCM_D2_1,NCM,0-50_cycles,50,50,103.3036,3.681223392486572,0.0039803028957915,0.0046261323544541,-0.0003917783825369,-0.0146563053131099,0.0750402971595173,0.0179636478424067
NCM_D2_1,NCM,0-50_cycles,50,80,103.3036,3.9375038146972656,0.0044286917835195,0.0044521039724479,-0.0003127491595091,-0.0208005905151367,0.0026362715202234,0.0173921585083007
NCM_D2_1,NCM,0-50_cycles,50,95,103.3036,4.093629837036133,0.0044548652808175,0.0044208550271955,-0.0002262856738137,-0.0230355262756347,-0.0038318302562247,0.0163526535034179
NCM_D2_1,NCM,50-100_cycles,100,20,104.5502,3.573982715606689,0.0038851832035322,0.0038714051325328,-0.0004282359481236,-0.0174803733825679,-0.0017763055614702,0.0156598091125488
NCM_D2_1,NCM,50-100_cycles,100,50,104.5502,3.687772035598755,0.0035733217389085,0.0042065158299051,-0.000440584602762,-0.0160937309265136,0.0813891145407404,0.015171051025391
NCM_D2_1,NCM,50-100_cycles,100,80,104.5502,3.9529218673706055,0.0041500970728475,0.0040910951709603,-0.0002875126456109,-0.0209348201751709,-0.0071593890958579,0.0172066688537602
NCM_D2_1,NCM,50-100_cycles,100,95,104.5502,4.113415718078613,0.0042296870139925,0.0042154789149543,-0.0002536736891227,-0.022679328918457,-0.0016823943019875,0.0168113708496093
NCM_D2_2,NCM,0-50_cycles,50,20,103.7425,3.5827291011810303,0.0040321800034861,0.004050650325195,-0.0001579725776767,-0.0186460018157959,0.0022851304503205,0.016299009323121
NCM_D2_2,NCM,0-50_cycles,50,50,103.7425,3.697498321533203,0.0037959601094606,0.004438947713972,-0.0004243390656677,-0.0172431468963631,0.078080728806909,0.0150954723358163
NCM_D2_2,NCM,0-50_cycles,50,80,103.7425,3.974887371063232,0.0042518494452503,0.0042420418341794,-0.0003065555669316,-0.0213205814361567,-0.0011546664241658,0.016883373260498
NCM_D2_2,NCM,0-50_cycles,50,95,103.7425,4.135722160339356,0.0043167173744281,0.0043372870388852,-0.000298034851932,-0.0231857299804687,0.0023768955358347,0.0156836509704589
NCM_D2_2,NCM,50-100_cycles,100,20,104.8527,3.5825002193450928,0.0038012311955002,0.0038232423467359,-0.0001358043533988,-0.0193920135498051,0.0028869076814011,0.0151443481445308
NCM_D2_2,NCM,50-100_cycles,100,50,104.8527,3.6931653022766113,0.0035614884399943,0.0042743044017256,-0.000817303989987,-0.0177972316741938,0.0909692198517703,0.01353120803833
NCM_D2_2,NCM,50-100_cycles,100,80,104.8527,3.9635298252105713,0.004023023044245,0.0039577174927821,-0.0002253863282457,-0.0202608108520507,-0.0081828937001445,0.0146524906158451
NCM_D2_2,NCM,50-100_cycles,100,95,104.8527,4.125571250915527,0.0041506397052944,0.00410059031082,-0.0001860738050854,-0.0236916542053222,-0.0060656889187047,0.0140981674194335
NCM_D3_1,NCM,0-50_cycles,50,20,104.7944,3.5902156829833984,0.0040690293851949,0.0040031475620599,-0.0001473678359306,-0.017209768295288,-0.0081615930331422,0.0173418521881103
NCM_D3_1,NCM,0-50_cycles,50,50,104.7944,3.7493932247161865,0.004069750439096,0.0047702189581951,-0.0004565086414005,-0.0204002857208251,0.0792387945724891,0.01793646812439
NCM_D3_1,NCM,0-50_cycles,50,80,104.7944,3.964312791824341,0.0038433091032645,0.0038234235860714,-0.0002279710071946,-0.0176498889923091,-0.002593740775749,0.0171389579772949
NCM_D3_1,NCM,0-50_cycles,50,95,104.7944,4.113584041595459,0.0040072124711336,0.0040157804901613,-0.000217612792872,-0.020052433013916,0.0010679330106643,0.0179362297058105
NCM_D3_1,NCM,50-100_cycles,100,20,105.9112,3.585881471633911,0.0040640618811605,0.0040152964536172,-0.0001402704693944,-0.0169014930725102,-0.0060358045184623,0.01688814163208
NCM_D3_1,NCM,50-100_cycles,100,50,105.9112,3.749382972717285,0.0041458027810241,0.0046921535547332,-0.0004176735777264,-0.023040771484375,0.0618186776391494,0.0161318778991703
NCM_D3_1,NCM,50-100_cycles,100,80,105.9112,3.9669690132141113,0.0037378409081568,0.0036554106671556,-0.0001880104240128,-0.0179526805877681,-0.0111493894346131,0.0153768062591548
NCM_D3_1,NCM,50-100_cycles,100,95,105.9112,4.1179280281066895,0.0038841877557525,0.0038920238596666,-0.0002279149450056,-0.0208296775817871,0.0010077019892989,0.015791893005371
NCM_D3_2,NCM,0-50_cycles,50,20,107.8717,3.594221591949463,0.003901516121553,0.0039459090348634,-0.0001425732672915,-0.0180380344390869,0.005657003721042,0.0174663066864013
NCM_D3_2,NCM,0-50_cycles,50,50,107.8717,3.739809274673462,0.004191721129574,0.0048554248977076,-0.0004182984556653,-0.0222837924957279,0.0733605676455537,0.0185701847076407
NCM_D3_2,NCM,0-50_cycles,50,80,107.8717,3.95119309425354,0.0037689259491903,0.0037070959697325,-0.000196240411439,-0.0146884918212899,-0.0082704384936733,0.0176141262054438
NCM_D3_2,NCM,0-50_cycles,50,95,107.8717,4.099748611450195,0.0040825202985105,0.0040236860735465,-0.0001476838553934,-0.0196914672851562,-0.0072579234062908,0.0182037353515633
NCM_D3_2,NCM,50-100_cycles,100,20,109.1377,3.589403986930847,0.0039285208908942,0.0039334850654984,-0.0001179436988446,-0.0193321704864497,0.000631413233686,0.0169377326965327
NCM_D3_2,NCM,50-100_cycles,100,50,109.1377,3.740220546722412,0.0041681636465847,0.0048266245517132,-0.0004367114293473,-0.0236201286315922,0.0732047148428857,0.0167605876922607
NCM_D3_2,NCM,50-100_cycles,100,80,109.1377,3.955028533935547,0.0036509216152649,0.0036269410890534,-0.0002451707331381,-0.0175211429595938,-0.0032949956856593,0.01555609703064
NCM_D3_2,NCM,50-100_cycles,100,95,109.1377,4.106443405151367,0.0039564008158846,0.0040114179525372,-0.0002077777673167,-0.0211176872253417,0.0069049181779388,0.0214953422546386
NCM_H2_1,NCM,0-50_cycles,50,20,106.6304,3.5899105072021484,0.0040998290553495,0.004053279603951,-0.0001220304083224,-0.0182919502258296,-0.0057094113844975,0.0183761119842533
NCM_H2_1,NCM,0-50_cycles,50,50,106.6304,3.748023509979248,0.0042639302854323,0.0049370140066519,-0.0006400754603756,-0.021848440170288,0.0731537655106373,0.0195093154907231
NCM_H2_1,NCM,0-50_cycles,50,80,106.6304,3.968017816543579,0.0038828081905351,0.0038706546160316,-0.0002582786194549,-0.0173351764678959,-0.0015675027799388,0.019676685333251
NCM_H2_1,NCM,0-50_cycles,50,95,106.6304,4.119638919830322,0.0041050027093112,0.0041454370526699,-0.0002112719868873,-0.018385887145996,0.0049008712899176,0.0186767578125
NCM_H2_1,NCM,50-100_cycles,100,20,106.2608,3.586769819259644,0.0040145660028693,0.0039619414890709,-0.0001073200521427,-0.0187718868255619,-0.0065974380205324,0.0166635513305659
NCM_H2_1,NCM,50-100_cycles,100,50,106.2608,3.744609832763672,0.0041940882075051,0.0048108476313575,-0.00045929815878,-0.0228147506713871,0.0684912624463887,0.016785860061645
NCM_H2_1,NCM,50-100_cycles,100,80,106.2608,3.964844942092896,0.0037764515208696,0.0037854575741749,-0.0002532449228319,-0.0158793926239018,0.0011909761400326,0.0155293941497798
NCM_H2_1,NCM,50-100_cycles,100,95,106.2608,4.114936828613281,0.0039682412264367,0.003994390189618,-0.0002279231234436,-0.0212979316711425,0.0032839600146007,0.0165276527404794
NCM_H2_2,NCM,0-50_cycles,50,20,104.5851,3.595719814300537,0.0040982118070583,0.0041793604198083,-0.0001907450272271,-0.0183885097503671,0.0098034315528737,0.0194113254547119
NCM_H2_2,NCM,0-50_cycles,50,50,104.5851,3.7545673847198486,0.0043565929232618,0.0050488720316626,-0.0004365169311554,-0.0234222412109379,0.0736039219452286,0.0182583332061772
NCM_H2_2,NCM,0-50_cycles,50,80,104.5851,3.96704363822937,0.0036846067220182,0.0039278465309667,-0.0002412505676718,-0.0145752429962162,0.0319528804795147,0.017247200012207
NCM_H2_2,NCM,0-50_cycles,50,95,104.5851,4.118398666381836,0.0041796688469556,0.0041588221244892,-0.0001990758360019,-0.0207986831665039,-0.0025000593677935,0.0176596641540527
NCM_H2_2,NCM,50-100_cycles,100,20,105.3924,3.5895938873291016,0.004147962005998,0.0041045113807612,-0.0001294154684405,-0.018363237380981,-0.0052651639333384,0.0172539949417118
NCM_H2_2,NCM,50-100_cycles,100,50,105.3924,3.752285718917847,0.0044004437625667,0.0049829416472677,-0.0004379265064882,-0.0244686603546138,0.0620775827976259,0.017021894454956
NCM_H2_2,NCM,50-100_cycles,100,80,105.3924,3.9693195819854736,0.0038879287258735,0.0038328847552316,-0.0002071844506548,-0.0181882381439209,-0.0071292967737973,0.0163173675537109
NCM_H2_2,NCM,50-100_cycles,100,95,105.3924,4.122452974319458,0.0041296627383433,0.0041086952482867,-0.0002461745429489,-0.0216770172119149,-0.002545105479827,0.0160260200500488
SIC_B1_1,SiC,0-50_cycles,50,20,85.8164,3.5597368478775024,0.0044431912847884,0.0045502490253845,-0.000331235337029,-0.018650054931641,0.0119039807797373,0.056408405303955
SIC_B1_1,SiC,0-50_cycles,50,50,85.8164,3.829127788543701,0.0041802811313668,0.0043713397556737,-0.0003288586650369,-0.0133793354034419,0.022341802429111,0.0533018112182621
SIC_B1_1,SiC,0-50_cycles,50,80,85.8164,4.078407764434815,0.004248641258023,0.0040142132602504,-0.0003048969756296,-0.0080595016479492,-0.0283713088804984,0.0548911094665527
SIC_B1_1,SiC,0-50_cycles,50,95,85.8164,4.104116439819336,0.0042571615179071,0.004251167616592,-0.0002536136410139,-0.0049376487731933,-0.0007044745472664,0.0546512603759765
SIC_B1_1,SiC,50-100_cycles,100,20,87.362,3.541165351867676,0.0037001030883734,0.0039629897677079,-0.0002613121346168,-0.014357805252076,0.0343055583785446,0.045720100402832
SIC_B1_1,SiC,50-100_cycles,100,50,87.362,3.829973340034485,0.0035601570885122,0.0037302914871407,-0.0002308708008922,-0.0099751949310311,0.0233366159658064,0.044412851333619
SIC_B1_1,SiC,50-100_cycles,100,80,87.362,4.079476833343506,0.0035179119939259,0.0033217537117411,-0.0002401645529993,-0.00474214553833,-0.0286795130970072,0.0465707778930664
SIC_B1_1,SiC,50-100_cycles,100,95,87.362,4.105103492736816,0.0035396320771117,0.0036091061530592,-0.0002137454733645,0.0046792030334472,0.0097183689919381,0.0464582443237313
SIC_B1_2,SiC,0-50_cycles,50,20,87.1799,3.546576976776123,0.0038266839449505,0.0041150689228639,-0.0002935293025093,-0.0174627304077148,0.0363125096831097,0.0473778247833251
SIC_B1_2,SiC,0-50_cycles,50,50,87.1799,3.8277029991149902,0.0036734153698133,0.0038536970766193,-0.0002736300387566,-0.0142641067504891,0.0239509782920046,0.0446174144744868
SIC_B1_2,SiC,0-50_cycles,50,80,87.1799,4.079668521881104,0.0036381269744986,0.0034194018951353,-0.0002508382278159,-0.006727695465087,-0.0309917371084893,0.0468740463256835
SIC_B1_2,SiC,0-50_cycles,50,95,87.1799,4.107008457183838,0.0036323996023969,0.0036710777620795,-0.0001786096735411,-0.0041041374206534,0.0052958553511318,0.0469565391540527
SIC_B1_2,SiC,50-100_cycles,100,20,87.5347,3.534273386001587,0.0039867478302888,0.0040866990946907,-0.0002951221883522,-0.0107641220092782,0.0123802466691917,0.0483515262603759
SIC_B1_2,SiC,50-100_cycles,100,50,87.5347,3.8262104988098153,0.0038170263607353,0.0039120390092411,-0.0002167462187384,-0.0137977600097647,0.0122929026936342,0.0464551448822021
SIC_B1_2,SiC,50-100_cycles,100,80,87.5347,4.07877779006958,0.0038780276682141,0.0036660588891479,-0.0003062718199567,-0.0059552192687988,-0.0280973418656397,0.0519423484802246
SIC_B1_2,SiC,50-100_cycles,100,95,87.5347,4.104668140411377,0.003940369613122,0.0039714238403288,-0.0002041653357746,-0.002476692199707,0.0039250553480068,0.0506830215454092
SIC_C2_1,SiC,0-50_cycles,50,20,87.4698,3.554038643836975,0.0040713464340732,0.0043740756611632,-0.000324106193606,-0.0160629749298086,0.0358453637575793,0.0502765178680419
SIC_C2_1,SiC,0-50_cycles,50,50,87.4698,3.833373546600342,0.0039188350771019,0.004076205997,-0.0002623922860166,-0.0156397819519038,0.0196835661555148,0.0489051342010502
SIC_C2_1,SiC,0-50_cycles,50,80,87.4698,4.080811023712158,0.0038126210196807,0.0036502966047938,-0.0002405133141943,-0.0065755844116202,-0.0217507981536118,0.0504064559936523
SIC_C2_1,SiC,0-50_cycles,50,95,87.4698,4.109469890594482,0.0039714092510531,0.0040458325665856,-0.0002125477498425,-0.0057582855224609,0.0092829076664213,0.0512089729309082
SIC_C2_1,SiC,50-100_cycles,100,20,88.7343,3.5387232303619385,0.0043499703870139,0.004424813011929,-0.0003211436815648,-0.0125620365142817,0.0085292846002479,0.0528182983398428
SIC_C2_1,SiC,50-100_cycles,100,50,88.7343,3.832749366760254,0.0041542356220429,0.0043049731378223,-0.0003214553564617,-0.0145828723907479,0.0178193398529754,0.0508582592010498
SIC_C2_1,SiC,50-100_cycles,100,80,88.7343,4.080262184143066,0.0041029906286835,0.0039184756060914,-0.0002703983822599,-0.0051569938659667,-0.0230026552741948,0.0551061630249023
SIC_C2_1,SiC,50-100_cycles,100,95,88.7343,4.109346866607666,0.0044230420891187,0.0044918192279129,-0.0002635108927299,-0.0055851936340332,0.0077148860030867,0.0559430122375488
SIC_C2_2,SiC,0-50_cycles,50,20,87.4377,3.5536751747131348,0.0037887362067665,0.0040767381429962,-0.0002796931932466,-0.0180554389953608,0.0366159653471337,0.0513415336608877
SIC_C2_2,SiC,0-50_cycles,50,50,87.4377,3.831523180007935,0.0037466831256688,0.0039572673756079,-0.0003062251271475,-0.015034914016724,0.0273345798242318,0.045623779296875
SIC_C2_2,SiC,0-50_cycles,50,80,87.4377,4.080184459686279,0.0038248085071262,0.0036316840582909,-0.0003044971076,-0.005706787109375,-0.0259001731901434,0.049997329711914
SIC_C2_2,SiC,0-50_cycles,50,95,87.4377,4.10890007019043,0.0041252704978699,0.0042559717751619,-0.0002981312576232,-0.0065121650695791,0.0155944993634813,0.0541172027587899
SIC_C2_2,SiC,50-100_cycles,100,20,89.0774,3.5376694202423096,0.0043471956667733,0.0045776202341943,-0.0003393608011225,-0.0128440856933602,0.0258184112678426,0.0548388957977299
SIC_C2_2,SiC,50-100_cycles,100,50,89.0774,3.8307559490203857,0.0042537222427494,0.0044704697720163,-0.0003143589503082,-0.01564621925354,0.0248444244349581,0.0529735088348388
SIC_C2_2,SiC,50-100_cycles,100,80,89.0774,4.079870700836182,0.0042625889152736,0.0040763337086867,-0.0003302720827499,-0.0034084320068359,-0.022335643941786,0.0557785034179687
SIC_C2_2,SiC,50-100_cycles,100,95,89.0774,4.109539031982422,0.0045857643677024,0.0046785422464186,-0.0002577116677772,-0.0058975219726562,0.0100145518256819,0.0587449073791503
SIC_D1_1,SiC,0-50_cycles,50,20,87.6534,3.5292515754699707,0.003551347466773,0.0036795964251441,-0.0002685287698001,-0.013095855712891,0.0177361296516764,0.0495800971984863
SIC_D1_1,SiC,0-50_cycles,50,50,87.6534,3.8217387199401855,0.003475032034292,0.003615872371506,-0.0002565654889819,-0.0143306255340571,0.0198621119611813,0.0435512065887446
SIC_D1_1,SiC,0-50_cycles,50,80,87.6534,4.079457759857178,0.0036003396597852,0.0034010080191117,-0.0003100140866226,-0.0053744316101074,-0.0284704673750698,0.0484743118286132
SIC_D1_1,SiC,0-50_cycles,50,95,87.6534,4.108437776565552,0.0038088516675732,0.0038432650022332,-0.0002165798793495,-0.0056257247924804,0.0044972307852706,0.0517187118530273
SIC_D1_1,SiC,50-100_cycles,100,20,89.4861,3.540827989578247,0.0038041944841815,0.004094043831195,-0.0003254279656394,-0.0098285675048828,0.0366979743380573,0.0513347387313851
SIC_D1_1,SiC,50-100_cycles,100,50,89.4861,3.834175348281861,0.0037730358286123,0.0039482981065626,-0.0002770092194057,-0.0132043361663809,0.0226984455563893,0.0500524044036869
SIC_D1_1,SiC,50-100_cycles,100,80,89.4861,4.0806403160095215,0.0037840600698209,0.0036870062507982,-0.0003343411851115,-0.00248384475708,-0.0129906247458799,0.0532402992248535
SIC_D1_1,SiC,50-100_cycles,100,95,89.4861,4.112283229827881,0.0043046379133798,0.0043639849389534,-0.0001974657712935,-0.0041923522949218,0.0068461884413037,0.0567898750305175
SIC_D2_1,SiC,0-50_cycles,50,20,87.3463,3.55399227142334,0.0042920850730881,0.0045271248570282,-0.0003503635469032,-0.0111811161041259,0.0266508888894367,0.056148052215577
SIC_D2_1,SiC,0-50_cycles,50,50,87.3463,3.8322176933288574,0.0042557325918733,0.0043923644266008,-0.0003461743585731,-0.013180017471313,0.0157990635900204,0.0547881126403808
SIC_D2_1,SiC,0-50_cycles,50,80,87.3463,4.079876899719238,0.0043692250937621,0.0041713255857338,-0.0003536774274026,-0.0029458999633789,-0.0231717503302721,0.0592885017395019
SIC_D2_1,SiC,0-50_cycles,50,95,87.3463,4.108094215393066,0.0046554920366809,0.0046993114875664,-0.0003145409106557,-0.004129409790039,0.0046841658161975,0.0634369850158682
SIC_D2_1,SiC,50-100_cycles,100,20,88.8664,3.5365731716156006,0.0040408721481582,0.0041905021708488,-0.0002761904028733,-0.012613296508789,0.0181780121874774,0.0534331798553471
SIC_D2_1,SiC,50-100_cycles,100,50,88.8664,3.829521894454956,0.0038666691709712,0.0040138857852502,-0.0002736648179836,-0.0146429538726811,0.0186809958304693,0.050017356872559
SIC_D2_1,SiC,50-100_cycles,100,80,88.8664,4.080636024475098,0.0038791692929751,0.0036891413035829,-0.0003053310049044,-0.0034265518188476,-0.0251083761650404,0.0515522956848144
SIC_D2_1,SiC,50-100_cycles,100,95,88.8664,4.1102166175842285,0.0040353059586098,0.0041422064634372,-0.0002566279902343,-0.0048751831054687,0.0130724967826655,0.0521888732910147
SIC_D2_2,SiC,0-50_cycles,50,20,87.4087,3.5566415786743164,0.0045691026572976,0.0047769106349189,-0.0003687786147916,-0.0192401409149169,0.0222349328129378,0.0590825080871577
SIC_D2_2,SiC,0-50_cycles,50,50,87.4087,3.832584619522095,0.0043627604716525,0.0045565264883618,-0.0003564641578151,-0.01519751548767,0.0217243841999907,0.0556509494781494
SIC_D2_2,SiC,0-50_cycles,50,80,87.4087,4.080306529998779,0.0042568507448849,0.0041382969378322,-0.0003337596022499,-0.0066657066345214,-0.0141217059584058,0.0569214820861816
SIC_D2_2,SiC,0-50_cycles,50,95,87.4087,4.109545230865479,0.0045472131175568,0.0045590471966692,-0.0002094950120901,-0.0047979354858398,0.0012995542301774,0.0580472946166992
SIC_D2_2,SiC,50-100_cycles,100,20,88.65,3.5409727096557617,0.004089171038822,0.0042858904803324,-0.0002461767185115,-0.015413761138916,0.0234887160005311,0.0530698299407963
SIC_D2_2,SiC,50-100_cycles,100,50,88.65,3.8318076133728014,0.0039711700605263,0.0041449543870636,-0.0002850209093951,-0.0104873180389408,0.0214122303889672,0.0498659610748291
SIC_D2_2,SiC,50-100_cycles,100,80,88.65,4.080612659454346,0.0039273554848889,0.0037605161184109,-0.0003168610402511,-0.0055098533630379,-0.0217016327908436,0.0516371726989746
SIC_D2_2,SiC,50-100_cycles,100,95,88.65,4.110413074493408,0.0041306545571539,0.0042341137181625,-0.0001954595563624,-0.0062088966369637,0.0123684431658364,0.0533461570739746
